Title_english,Title_japanese,Anime_episodes,Anime_source,Ratings,Season,Type,Studio,score,scored_by,ranked,popularity,members,links,Genres,genre
Death Note,デスノート,37,Manga,R - 17+ (violence & profanity),Fall 2006,TV,Madhouse,8.63,2037932 ,Ranked #61,Popularity #1,2968435,https://myanimelist.net/anime/1535/Death_Note,Mystery;Police;Psychological;Supernatural;Thriller;Shounen,Madhouse
One Punch Man,ワンパンマン,12,Web manga,R - 17+ (violence & profanity),Fall 2015,TV,Madhouse,8.53,1666407 ,Ranked #93,Popularity #5,2427819,https://myanimelist.net/anime/30276/One_Punch_Man,Action;Sci-Fi;Comedy;Parody;Super Power;Supernatural,Madhouse
Hunter x Hunter,HUNTER×HUNTER（ハンター×ハンター）,148,Manga,PG-13 - Teens 13 or older,Fall 2011,TV,Madhouse,9.07,1164767 ,Ranked #6,Popularity #10,1999750,https://myanimelist.net/anime/11061/Hunter_x_Hunter_2011,Action;Adventure;Fantasy;Shounen;Super Power,Madhouse
"No Game, No Life",ノーゲーム・ノーライフ,12,Light novel,PG-13 - Teens 13 or older,Spring 2014,TV,Madhouse,8.15,1233569 ,Ranked #370,Popularity #12,1934987,https://myanimelist.net/anime/19815/No_Game_No_Life,Game;Adventure;Comedy;Supernatural;Ecchi;Fantasy,Madhouse
Parasyte -the maxim-,寄生獣 セイの格率,24,Manga,R - 17+ (violence & profanity),Fall 2014,TV,Madhouse,8.37,865767 ,Ranked #174,Popularity #39,1420367,https://myanimelist.net/anime/22535/Kiseijuu__Sei_no_Kakuritsu,Action;Sci-Fi;Horror;Psychological;Drama;Seinen,Madhouse
Death Parade,デス・パレード,12,Original,R - 17+ (violence & profanity),Winter 2015,TV,Madhouse,8.19,772008 ,Ranked #323,Popularity #47,1367331,https://myanimelist.net/anime/28223/Death_Parade,Game;Mystery;Psychological;Drama;Thriller,Madhouse
High School of the Dead,学園黙示録 HIGHSCHOOL OF THE DEAD,12,Manga,R+ - Mild Nudity,Summer 2010,TV,Madhouse,7.11,763528 ,Ranked #3243,Popularity #60,1218934,https://myanimelist.net/anime/8074/Highschool_of_the_Dead,Action;Horror;Supernatural;Ecchi;Shounen,Madhouse
Overlord,オーバーロード,13,Light novel,R - 17+ (violence & profanity),Summer 2015,TV,Madhouse,7.93,690006 ,Ranked #646,Popularity #70,1171304,https://myanimelist.net/anime/29803/Overlord,Action;Adventure;Fantasy;Game;Magic;Supernatural,Madhouse
The Irregular at Magic High School,魔法科高校の劣等生,26,Light novel,PG-13 - Teens 13 or older,Spring 2014,TV,Madhouse,7.48,453003 ,Ranked #1682,Popularity #118,842855,https://myanimelist.net/anime/20785/Mahouka_Koukou_no_Rettousei,Action;Magic;Romance;School;Sci-Fi;Supernatural,Madhouse
Black Lagoon,BLACK LAGOON,12,Manga,R - 17+ (violence & profanity),Spring 2006,TV,Madhouse,8.04,377143 ,Ranked #496,Popularity #139,776749,https://myanimelist.net/anime/889/Black_Lagoon,Action;Seinen,Madhouse
Hellsing Ultimate,HELLSING OVA,10,Manga,R - 17+ (violence & profanity),-,OVA,"Madhouse,             Satelight,             Graphinica",8.38,371981 ,Ranked #169,Popularity #152,735640,https://myanimelist.net/anime/777/Hellsing_Ultimate,Action;Military;Horror;Supernatural;Vampire;Seinen,Madhouse
Overlord II,オーバーロードⅡ,13,Light novel,R - 17+ (violence & profanity),Winter 2018,TV,Madhouse,7.76,441371 ,Ranked #909,Popularity #153,735694,https://myanimelist.net/anime/35073/Overlord_II,Action;Game;Adventure;Supernatural;Magic;Fantasy,Madhouse
BTOOOM!,BTOOOM!,12,Manga,R - 17+ (violence & profanity),Fall 2012,TV,Madhouse,7.35,417488 ,Ranked #2132,Popularity #154,727700,https://myanimelist.net/anime/14345/Btooom,Action;Sci-Fi;Psychological;Seinen,Madhouse
Monster,モンスター,74,Manga,R+ - Mild Nudity,Spring 2004,TV,Madhouse,8.79,226688 ,Ranked #30,Popularity #158,712901,https://myanimelist.net/anime/19/Monster,Drama;Horror;Mystery;Police;Psychological;Seinen;Thriller,Madhouse
-,ノーゲーム・ノーライフ ゼロ,1,Light novel,PG-13 - Teens 13 or older,-,Movie,Madhouse,8.27,351761 ,Ranked #248,Popularity #175,678375,https://myanimelist.net/anime/33674/No_Game_No_Life__Zero,Game;Supernatural;Drama;Romance;Fantasy,Madhouse
Wolf Children,おおかみこどもの雨と雪,1,Original,G - All Ages,-,Movie,Studio Chizu,8.62,378761 ,Ranked #64,Popularity #179,667970,https://myanimelist.net/anime/12355/Ookami_Kodomo_no_Ame_to_Yuki,Fantasy;Slice of Life,Madhouse
The Girl Who Leapt Through Time,時をかける少女,1,Novel,G - All Ages,-,Movie,Madhouse,8.17,388001 ,Ranked #347,Popularity #180,665074,https://myanimelist.net/anime/2236/Toki_wo_Kakeru_Shoujo,Adventure;Drama;Romance;Sci-Fi,Madhouse
Overlord III,オーバーロードⅢ,13,Light novel,R - 17+ (violence & profanity),Summer 2018,TV,Madhouse,7.93,380945 ,Ranked #647,Popularity #206,630766,https://myanimelist.net/anime/37675/Overlord_III,Action;Game;Supernatural;Magic;Fantasy,Madhouse
Trigun,トライガン,26,Manga,PG-13 - Teens 13 or older,Spring 1998,TV,Madhouse,8.23,292740 ,Ranked #288,Popularity #219,600835,https://myanimelist.net/anime/6/Trigun,Action;Sci-Fi;Adventure;Comedy;Drama;Shounen,Madhouse
Claymore,クレイモア,26,Manga,R+ - Mild Nudity,Spring 2007,TV,Madhouse,7.76,274356 ,Ranked #919,Popularity #238,573929,https://myanimelist.net/anime/1818/Claymore,Action;Adventure;Super Power;Demons;Supernatural;Fantasy;Shounen,Madhouse
My Love Story!!,俺物語!!,24,Manga,PG-13 - Teens 13 or older,Spring 2015,TV,Madhouse,7.93,243842 ,Ranked #645,Popularity #270,529253,https://myanimelist.net/anime/28297/Ore_Monogatari,Comedy;Romance;Shoujo,Madhouse
Nana,NANA [ナナ],47,Manga,R+ - Mild Nudity,Spring 2006,TV,Madhouse,8.48,167792 ,Ranked #118,Popularity #326,464128,https://myanimelist.net/anime/877/Nana,Music;Slice of Life;Comedy;Drama;Romance;Shoujo,Madhouse
Perfect Blue,パーフェクトブルー,1,Novel,R+ - Mild Nudity,-,Movie,Madhouse,8.50,243770 ,Ranked #107,Popularity #327,464148,https://myanimelist.net/anime/437/Perfect_Blue,Dementia;Drama;Horror;Psychological,Madhouse
Summer Wars,サマーウォーズ,1,Original,PG-13 - Teens 13 or older,-,Movie,Madhouse,8.07,257789 ,Ranked #463,Popularity #344,448840,https://myanimelist.net/anime/5681/Summer_Wars,Sci-Fi;Comedy,Madhouse
Fighting Spirit,はじめの一歩 THE FIGHTING!,75,Manga,PG-13 - Teens 13 or older,Fall 2000,TV,Madhouse,8.74,200008 ,Ranked #38,Popularity #360,423504,https://myanimelist.net/anime/263/Hajime_no_Ippo,Comedy;Sports;Drama;Shounen,Madhouse
Chobits,ちょびっツ,26,Manga,PG-13 - Teens 13 or older,Spring 2002,TV,Madhouse,7.42,219358 ,Ranked #1875,Popularity #361,421078,https://myanimelist.net/anime/59/Chobits,Sci-Fi;Comedy;Drama;Romance;Ecchi;Seinen,Madhouse
Black Lagoon: The Second Barrage,BLACK LAGOON The Second Barrage,12,Manga,R - 17+ (violence & profanity),Fall 2006,TV,Madhouse,8.18,252689 ,Ranked #335,Popularity #375,411476,https://myanimelist.net/anime/1519/Black_Lagoon__The_Second_Barrage,Action;Seinen,Madhouse
Paprika,パプリカ,1,Novel,R+ - Mild Nudity,-,Movie,Madhouse,8.06,205431 ,Ranked #465,Popularity #381,405085,https://myanimelist.net/anime/1943/Paprika,Dementia;Fantasy;Horror;Mystery;Psychological;Sci-Fi;Thriller,Madhouse
A Place Further Than The Universe,宇宙よりも遠い場所,13,Original,PG-13 - Teens 13 or older,Winter 2018,TV,Madhouse,8.55,161514 ,Ranked #86,Popularity #405,383907,https://myanimelist.net/anime/35839/Sora_yori_mo_Tooi_Basho,Adventure;Comedy;Drama,Madhouse
Chihayafuru,ちはやふる,25,Manga,PG-13 - Teens 13 or older,Fall 2011,TV,Madhouse,8.22,147901 ,Ranked #294,Popularity #410,378284,https://myanimelist.net/anime/10800/Chihayafuru,Drama;Game;Josei;School;Slice of Life;Sports,Madhouse
Cardcaptor Sakura,カードキャプターさくら,70,Manga,PG - Children,Spring 1998,TV,Madhouse,8.15,173988 ,Ranked #361,Popularity #433,361049,https://myanimelist.net/anime/232/Cardcaptor_Sakura,Adventure;Comedy;Drama;Magic;Romance;Fantasy;School;Shoujo,Madhouse
The Tatami Galaxy,四畳半神話大系,11,Novel,R - 17+ (violence & profanity),Spring 2010,TV,Madhouse,8.60,109223 ,Ranked #69,Popularity #459,344657,https://myanimelist.net/anime/7785/Yojouhan_Shinwa_Taikei,Mystery;Comedy;Psychological;Romance,Madhouse
Rainbow,RAINBOW 二舎六房の七人,26,Manga,R - 17+ (violence & profanity),Spring 2010,TV,Madhouse,8.51,125888 ,Ranked #102,Popularity #486,328137,https://myanimelist.net/anime/6114/Rainbow__Nisha_Rokubou_no_Shichinin,Drama;Historical;Seinen;Thriller,Madhouse
Paranoia Agent,妄想代理人,13,Original,R+ - Mild Nudity,Winter 2004,TV,Madhouse,7.68,122073 ,Ranked #1085,Popularity #501,316751,https://myanimelist.net/anime/323/Mousou_Dairinin,Mystery;Dementia;Police;Psychological;Supernatural;Drama;Thriller,Madhouse
Redline,REDLINE,1,Original,R+ - Mild Nudity,-,Movie,Madhouse,8.29,158139 ,Ranked #235,Popularity #557,288743,https://myanimelist.net/anime/6675/Redline,Action;Sci-Fi;Cars;Sports,Madhouse
Beck: Mongolian Chop Squad,ベック,26,Manga,R - 17+ (violence & profanity),Fall 2004,TV,Madhouse,8.31,116375 ,Ranked #220,Popularity #588,276735,https://myanimelist.net/anime/57/Beck,Comedy;Drama;Music;Shounen;Slice of Life,Madhouse
Devil May Cry,デビル メイ クライ,12,Game,R - 17+ (violence & profanity),Summer 2007,TV,Madhouse,6.96,147083 ,Ranked #3874,Popularity #600,271747,https://myanimelist.net/anime/1726/Devil_May_Cry,Action;Demons;Fantasy,Madhouse
Kaiji: Ultimate Survivor,逆境無頼カイジ Ultimate Survivor,26,Manga,R - 17+ (violence & profanity),Fall 2007,TV,Madhouse,8.28,122619 ,Ranked #244,Popularity #604,269695,https://myanimelist.net/anime/3002/Gyakkyou_Burai_Kaiji__Ultimate_Survivor,Game;Psychological;Thriller;Seinen,Madhouse
ChäoS;HEAd,カオスヘッド,12,Visual novel,R - 17+ (violence & profanity),Fall 2008,TV,Madhouse,6.35,139326 ,Ranked #6773,Popularity #609,264621,https://myanimelist.net/anime/4975/ChäoS_HEAd,Sci-Fi;Harem;Mystery;Psychological;Supernatural,Madhouse
Alderamin on the Sky,ねじ巻き精霊戦記 天鏡のアルデラミン,13,Light novel,R - 17+ (violence & profanity),Summer 2016,TV,Madhouse,7.70,130866 ,Ranked #1031,Popularity #622,263080,https://myanimelist.net/anime/31764/Nejimaki_Seirei_Senki__Tenkyou_no_Alderamin,Action;Adventure;Fantasy;Military,Madhouse
-,ワンパンマン OVA「ロード・トゥ・ヒーロー」,1,Web manga,R - 17+ (violence & profanity),-,OVA,Madhouse,7.72,150393 ,Ranked #989,Popularity #629,261761,https://myanimelist.net/anime/31704/One_Punch_Man__Road_to_Hero,Action;Sci-Fi;Comedy;Parody;Super Power;Supernatural,Madhouse
-,学園黙示録 HIGHSCHOOL OF THE DEAD ドリフターズ・オブ・ザ・デッド,1,Manga,R+ - Mild Nudity,-,OVA,Madhouse,6.62,162679 ,Ranked #5418,Popularity #630,259778,https://myanimelist.net/anime/9515/Highschool_of_the_Dead__Drifters_of_the_Dead,Comedy;Ecchi;Supernatural,Madhouse
The Ambition of Oda Nobuna,織田信奈の野望,12,Light novel,PG-13 - Teens 13 or older,Summer 2012,TV,"Madhouse,             Studio Gokumi",7.43,126296 ,Ranked #1846,Popularity #643,255625,https://myanimelist.net/anime/11933/Oda_Nobuna_no_Yabou,Comedy;Historical;Romance,Madhouse
-,ワンパンマン,6,Web manga,R - 17+ (violence & profanity),-,Special,Madhouse,7.71,136200 ,Ranked #1028,Popularity #671,248347,https://myanimelist.net/anime/31772/One_Punch_Man_Specials,Action;Comedy;Parody;Sci-Fi;Super Power;Supernatural,Madhouse
Black Lagoon: Roberta's Blood Trail,BLACK LAGOON Roberta's Blood Trail,5,Manga,R+ - Mild Nudity,-,OVA,Madhouse,8.04,129285 ,Ranked #497,Popularity #737,227517,https://myanimelist.net/anime/4901/Black_Lagoon__Robertas_Blood_Trail,Action;Seinen,Madhouse
Fighting Spirit: New Challenger,はじめの一歩 新シリーズ,26,Manga,PG-13 - Teens 13 or older,Winter 2009,TV,Madhouse,8.66,127605 ,Ranked #52,Popularity #764,217945,https://myanimelist.net/anime/5258/Hajime_no_Ippo__New_Challenger,Comedy;Sports;Drama;Shounen,Madhouse
Tokyo Godfathers,東京ゴッドファーザーズ,1,Original,PG-13 - Teens 13 or older,-,Movie,Madhouse,8.29,106430 ,Ranked #236,Popularity #766,217528,https://myanimelist.net/anime/759/Tokyo_Godfathers,Comedy;Drama,Madhouse
Magical Warfare,魔法戦争,12,Light novel,PG-13 - Teens 13 or older,Winter 2014,TV,Madhouse,6.01,98747 ,Ranked #8445,Popularity #767,216969,https://myanimelist.net/anime/19769/Mahou_Sensou,Action;Fantasy;Magic,Madhouse
Death Billiards,デス・ビリヤード,1,Original,R - 17+ (violence & profanity),-,Movie,Madhouse,7.92,118668 ,Ranked #667,Popularity #814,205280,https://myanimelist.net/anime/14353/Death_Billiards,Game;Mystery;Psychological;Drama;Thriller,Madhouse
Ace of Diamond,ダイヤのA[エース],75,Manga,PG-13 - Teens 13 or older,Fall 2013,TV,"Production I.G,             Madhouse",8.11,87257 ,Ranked #406,Popularity #846,197206,https://myanimelist.net/anime/18689/Diamond_no_Ace,Comedy;School;Shounen;Sports,Madhouse
Sunday Without God,神さまのいない日曜日,12,Light novel,R - 17+ (violence & profanity),Summer 2013,TV,Madhouse,7.33,82532 ,Ranked #2235,Popularity #848,196981,https://myanimelist.net/anime/16009/Kamisama_no_Inai_Nichiyoubi,Adventure;Mystery;Fantasy,Madhouse
-,ちはやふる 2,25,Manga,PG-13 - Teens 13 or older,Winter 2013,TV,Madhouse,8.41,107303 ,Ranked #148,Popularity #850,196850,https://myanimelist.net/anime/14397/Chihayafuru_2,Drama;Game;Josei;School;Slice of Life;Sports,Madhouse
Texhnolyze,TEXHNOLYZE,22,Original,R+ - Mild Nudity,Spring 2003,TV,Madhouse,7.76,42943 ,Ranked #914,Popularity #854,196252,https://myanimelist.net/anime/26/Texhnolyze,Action;Sci-Fi;Psychological;Drama,Madhouse
One Outs,ワンナウツ,25,Manga,PG-13 - Teens 13 or older,Fall 2008,TV,Madhouse,8.35,94598 ,Ranked #187,Popularity #856,195991,https://myanimelist.net/anime/5040/One_Outs,Sports;Psychological;Seinen,Madhouse
Hajime No Ippo: The Fighting!,はじめの一歩 Rising,25,Manga,PG-13 - Teens 13 or older,Fall 2013,TV,"Madhouse,             MAPPA",8.59,105669 ,Ranked #72,Popularity #882,191888,https://myanimelist.net/anime/19647/Hajime_no_Ippo__Rising,Comedy;Sports;Drama;Shounen,Madhouse
-,青い文学シリーズ,12,Novel,R - 17+ (violence & profanity),Fall 2009,TV,Madhouse,7.73,52867 ,Ranked #970,Popularity #915,182841,https://myanimelist.net/anime/7193/Aoi_Bungaku_Series,Drama;Historical;Psychological;Seinen;Thriller,Madhouse
Boogiepop and Others,ブギーポップは笑わない,18,Light novel,R - 17+ (violence & profanity),Winter 2019,TV,Madhouse,7.09,48828 ,Ranked #3310,Popularity #920,182899,https://myanimelist.net/anime/37451/Boogiepop_wa_Warawanai_2019,Mystery;Dementia;Horror;Psychological;Supernatural;Drama,Madhouse
Paradise Kiss,Paradise kiss,12,Manga,R - 17+ (violence & profanity),Fall 2005,TV,Madhouse,7.84,75194 ,Ranked #771,Popularity #985,168517,https://myanimelist.net/anime/322/Paradise_Kiss,Comedy;Drama;Josei;Romance;Slice of Life,Madhouse
Gunslinger Girl,ガンスリンガー・ガール,13,Manga,R - 17+ (violence & profanity),Fall 2003,TV,Madhouse,7.41,67419 ,Ranked #1897,Popularity #991,167145,https://myanimelist.net/anime/134/Gunslinger_Girl,Action;Psychological;Military;Drama;Sci-Fi,Madhouse
Death Note: Relight,ディレクターズカット完全決着版 〜リライト,2,Manga,R - 17+ (violence & profanity),-,Special,Madhouse,7.70,74611 ,Ranked #1050,Popularity #994,166249,https://myanimelist.net/anime/2994/Death_Note__Rewrite,Mystery;Police;Psychological;Supernatural;Thriller,Madhouse
Tenjho Tenge,天上天下,24,Manga,R - 17+ (violence & profanity),Spring 2004,TV,Madhouse,6.91,79215 ,Ranked #4078,Popularity #1001,165064,https://myanimelist.net/anime/174/Tenjou_Tenge,Action;Ecchi;Martial Arts;Comedy;Super Power;School;Shounen,Madhouse
Gungrave,ガングレイヴ,26,Game,R - 17+ (violence & profanity),Fall 2003,TV,Madhouse,7.85,59016 ,Ranked #756,Popularity #1021,161353,https://myanimelist.net/anime/267/Gungrave,Action;Drama;Sci-Fi;Seinen;Super Power,Madhouse
No Guns Life,ノー・ガンズ・ライフ,12,Manga,PG-13 - Teens 13 or older,Fall 2019,TV,"Madhouse,             Egg Firm",6.87,55000 ,Ranked #4231,Popularity #1051,157886,https://myanimelist.net/anime/39539/No_Guns_Life,Action;Sci-Fi;Drama;Seinen,Madhouse
-,ノーゲーム・ノーライフ ミニ,6,Light novel,PG-13 - Teens 13 or older,-,Special,Madhouse,6.75,75484 ,Ranked #4774,Popularity #1081,152700,https://myanimelist.net/anime/24991/No_Game_No_Life_Specials,Ecchi;Fantasy;Game,Madhouse
Prince of Stride: Alternative,プリンス・オブ・ストライド　オルタナティブ,12,Visual novel,PG-13 - Teens 13 or older,Winter 2016,TV,Madhouse,6.91,66913 ,Ranked #4066,Popularity #1084,153145,https://myanimelist.net/anime/31559/Prince_of_Stride__Alternative,Sports;Drama;School,Madhouse
Kaiji: Against All Rules,逆境無頼カイジ 破戒録篇,26,Manga,R - 17+ (violence & profanity),Spring 2011,TV,Madhouse,8.25,81932 ,Ranked #260,Popularity #1096,151695,https://myanimelist.net/anime/10271/Gyakkyou_Burai_Kaiji__Hakairoku-hen,Game;Psychological;Thriller;Seinen,Madhouse
-,劇場版 HUNTER×HUNTER 緋色の幻影（ファントム・ルージュ）,1,Manga,PG-13 - Teens 13 or older,-,Movie,Madhouse,7.25,85398 ,Ranked #2610,Popularity #1132,146277,https://myanimelist.net/anime/13271/Hunter_x_Hunter_Movie_1__Phantom_Rouge,Action;Adventure;Fantasy;Shounen;Super Power,Madhouse
Kobato.,こばと。,24,Manga,PG-13 - Teens 13 or older,Fall 2009,TV,Madhouse,7.97,51460 ,Ranked #591,Popularity #1133,145974,https://myanimelist.net/anime/5678/Kobato,Comedy;Drama;Fantasy;Romance,Madhouse
Casshern Sins,キャシャーン SINS,24,Other,R - 17+ (violence & profanity),Fall 2008,TV,"Madhouse,             Tatsunoko Production",7.52,46100 ,Ranked #1549,Popularity #1182,139788,https://myanimelist.net/anime/4981/Casshern_Sins,Action;Adventure;Drama;Psychological;Sci-Fi,Madhouse
Millennium Actress,千年女優,1,Original,PG-13 - Teens 13 or older,-,Movie,Madhouse,8.26,63174 ,Ranked #254,Popularity #1190,138769,https://myanimelist.net/anime/1033/Sennen_Joyuu,Action;Adventure;Drama;Fantasy;Historical;Romance,Madhouse
Vampire Hunter D: Bloodlust,バンパイアハンターD,1,Light novel,R - 17+ (violence & profanity),-,Movie,Madhouse,7.89,72531 ,Ranked #709,Popularity #1202,136624,https://myanimelist.net/anime/543/Vampire_Hunter_D_2000,Action;Sci-Fi;Horror;Drama;Romance;Vampire;Fantasy,Madhouse
ACCA: 13-Territory Inspection Dept.,ACCA 13区監察課,12,Manga,PG-13 - Teens 13 or older,Winter 2017,TV,Madhouse,7.67,54975 ,Ranked #1111,Popularity #1252,131936,https://myanimelist.net/anime/33337/ACCA__13-ku_Kansatsu-ka,Mystery;Police;Drama;Fantasy;Seinen,Madhouse
Needless,ニードレス,24,Manga,R - 17+ (violence & profanity),Summer 2009,TV,Madhouse,7.26,53703 ,Ranked #2541,Popularity #1258,129909,https://myanimelist.net/anime/6030/Needless,Action;Sci-Fi;Comedy;Super Power;Ecchi;Seinen,Madhouse
-,劇場版 HUNTERxHUNTER THE LAST MISSION,1,Manga,R - 17+ (violence & profanity),-,Movie,Madhouse,7.25,69979 ,Ranked #2611,Popularity #1266,128993,https://myanimelist.net/anime/19951/Hunter_x_Hunter_Movie_2__The_Last_Mission,Action;Adventure;Super Power;Fantasy;Shounen,Madhouse
Den-noh Coil,電脳コイル,26,Original,G - All Ages,Spring 2007,TV,Madhouse,8.08,35914 ,Ranked #447,Popularity #1291,125982,https://myanimelist.net/anime/2164/Dennou_Coil,Adventure;Comedy;Drama;Mystery;Sci-Fi,Madhouse
Kaiba,カイバ,12,Original,R+ - Mild Nudity,Spring 2008,TV,Madhouse,8.16,35208 ,Ranked #358,Popularity #1314,121885,https://myanimelist.net/anime/3701/Kaiba,Adventure;Mystery;Romance;Sci-Fi,Madhouse
Strawberry Panic,ストロベリー・パニック,26,Other,PG-13 - Teens 13 or older,Spring 2006,TV,"Madhouse,             Imagin",7.29,48132 ,Ranked #2432,Popularity #1331,120339,https://myanimelist.net/anime/855/Strawberry_Panic,Drama;Romance;School;Shoujo Ai,Madhouse
Trigun - Badlands Rumble,トライガン,1,Manga,PG-13 - Teens 13 or older,-,Movie,Madhouse,7.96,63416 ,Ranked #600,Popularity #1358,117256,https://myanimelist.net/anime/4106/Trigun__Badlands_Rumble,Action;Adventure;Comedy;Drama;Sci-Fi;Shounen,Madhouse
Ace of Diamond: Second Season,ダイヤのA[エース]～Second Season～,51,Manga,PG-13 - Teens 13 or older,Spring 2015,TV,"Production I.G,             Madhouse",8.31,58425 ,Ranked #221,Popularity #1420,110074,https://myanimelist.net/anime/30230/Diamond_no_Ace__Second_Season,Comedy;Sports;School;Shounen,Madhouse
Ninja Scroll,獣兵衛忍風帖,1,Original,R+ - Mild Nudity,-,Movie,Madhouse,7.61,56961 ,Ranked #1259,Popularity #1429,109304,https://myanimelist.net/anime/617/Juubee_Ninpuuchou,Adventure;Historical;Horror;Supernatural;Romance;Samurai;Fantasy;Shounen,Madhouse
Fighting Spirit: Champion Road,はじめの一歩 -Champion Road-,1,Manga,PG-13 - Teens 13 or older,-,Special,Madhouse,8.28,63504 ,Ranked #245,Popularity #1473,104631,https://myanimelist.net/anime/264/Hajime_no_Ippo__Champion_Road,Comedy;Shounen;Sports,Madhouse
Boogiepop Phantom,ブギーポップは笑わない Boogiepop Phantom,12,Light novel,R+ - Mild Nudity,Winter 2000,TV,Madhouse,7.16,25707 ,Ranked #3015,Popularity #1516,101907,https://myanimelist.net/anime/369/Boogiepop_wa_Warawanai,Psychological;Supernatural;Dementia;Mystery;Drama;Horror,Madhouse
Photo Kano,フォトカノ,13,Visual novel,PG-13 - Teens 13 or older,Spring 2013,TV,Madhouse,6.20,38393 ,Ranked #7536,Popularity #1519,101586,https://myanimelist.net/anime/16397/Photokano,Ecchi;Romance;School,Madhouse
Strawberry 100%,いちご100%,12,Manga,PG-13 - Teens 13 or older,Spring 2005,TV,Madhouse,6.66,48755 ,Ranked #5209,Popularity #1523,101476,https://myanimelist.net/anime/248/Ichigo_100,Comedy;Ecchi;Harem;Romance;Shounen,Madhouse
-,ちはやふる 3,24,Manga,PG-13 - Teens 13 or older,Fall 2019,TV,Madhouse,8.49,40385 ,Ranked #114,Popularity #1524,102252,https://myanimelist.net/anime/37379/Chihayafuru_3,Game;Slice of Life;Sports;Drama;School;Josei,Madhouse
Shigurui: Death Frenzy,シグルイ,12,Manga,R+ - Mild Nudity,Summer 2007,TV,Madhouse,7.40,30088 ,Ranked #1938,Popularity #1531,100749,https://myanimelist.net/anime/2216/Shigurui,Action;Historical;Psychological;Drama;Martial Arts;Samurai;Seinen,Madhouse
Card Captor Sakura Movie 2: The Sealed Card,劇場版 カードキャプターさくら 封印されたカード,1,Manga,PG - Children,-,Movie,Madhouse,8.21,58975 ,Ranked #301,Popularity #1533,100564,https://myanimelist.net/anime/372/Cardcaptor_Sakura_Movie_2__Fuuin_Sareta_Card,Comedy;Drama;Fantasy;Magic;Romance;Shoujo,Madhouse
Cardcaptor Sakura: Clear Card,カードキャプターさくら クリアカード編,22,Manga,PG - Children,Winter 2018,TV,Madhouse,7.65,30927 ,Ranked #1160,Popularity #1557,98976,https://myanimelist.net/anime/33354/Cardcaptor_Sakura__Clear_Card-hen,Adventure;Comedy;Fantasy;Magic;Romance;Shoujo,Madhouse
Hanayamata,ハナヤマタ,12,Manga,PG-13 - Teens 13 or older,Summer 2014,TV,Madhouse,7.33,33770 ,Ranked #2233,Popularity #1564,97883,https://myanimelist.net/anime/21681/Hanayamata,Slice of Life;Comedy;School,Madhouse
All Out!!,オールアウト!!,25,Manga,PG-13 - Teens 13 or older,Fall 2016,TV,"Madhouse,             TMS Entertainment",7.07,38569 ,Ranked #3384,Popularity #1609,95227,https://myanimelist.net/anime/31588/All_Out,School;Seinen;Sports,Madhouse
Beyblade,爆転シュート　ベイブレード,51,Manga,PG - Children,Winter 2001,TV,Madhouse,6.73,58699 ,Ranked #4844,Popularity #1622,93832,https://myanimelist.net/anime/288/Bakuten_Shoot_Beyblade,Action;Adventure;Comedy;Sports;Kids,Madhouse
Overlord IV,オーバーロード IV,Unknown,Light novel,R - 17+ (violence & profanity),-,TV,Madhouse,N/A,- user,Ranked N/A,Popularity #1635,97086,https://myanimelist.net/anime/48895/Overlord_IV,Action;Game;Supernatural;Magic;Fantasy,Madhouse
-,MEMORIES（メモリーズ）,3,Manga,PG-13 - Teens 13 or older,-,Movie,"Madhouse,             Studio 4°C",7.73,33210 ,Ranked #981,Popularity #1699,87775,https://myanimelist.net/anime/1462/Memories,Drama;Horror;Psychological;Sci-Fi,Madhouse
Cardcaptor Sakura The Movie,劇場版 カードキャプターさくら,1,Manga,PG - Children,-,Movie,Madhouse,7.64,51422 ,Ranked #1196,Popularity #1714,86729,https://myanimelist.net/anime/371/Cardcaptor_Sakura_Movie_1,Comedy;Drama;Magic;Fantasy;Shoujo,Madhouse
-,闘牌伝説アカギ　闇に舞い降りた天才,26,Manga,R - 17+ (violence & profanity),Fall 2005,TV,Madhouse,7.94,36322 ,Ranked #621,Popularity #1731,85810,https://myanimelist.net/anime/658/Touhai_Densetsu_Akagi__Yami_ni_Maiorita_Tensai,Game;Psychological;Thriller;Seinen,Madhouse
Kurozuka,黒塚,12,Manga,R - 17+ (violence & profanity),Fall 2008,TV,Madhouse,6.91,28295 ,Ranked #4057,Popularity #1736,85187,https://myanimelist.net/anime/5039/Kurozuka,Action;Drama;Historical;Horror;Romance;Sci-Fi;Vampire,Madhouse
-,メトロポリス,1,Manga,PG-13 - Teens 13 or older,-,Movie,Madhouse,7.53,37140 ,Ranked #1520,Popularity #1751,84100,https://myanimelist.net/anime/522/Metropolis,Adventure;Drama;Police;Romance;Sci-Fi;Shounen,Madhouse
-,はじめの一歩 間柴vs木村 死刑執行,1,Manga,PG-13 - Teens 13 or older,-,OVA,Madhouse,8.23,51533 ,Ranked #280,Popularity #1759,83573,https://myanimelist.net/anime/265/Hajime_no_Ippo__Mashiba_vs_Kimura,Comedy;Sports;Shounen,Madhouse
The Story of Saiunkoku,彩雲国物語,39,Light novel,PG-13 - Teens 13 or older,Spring 2006,TV,Madhouse,7.92,29528 ,Ranked #654,Popularity #1762,83311,https://myanimelist.net/anime/957/Saiunkoku_Monogatari,Adventure;Comedy;Drama;Fantasy;Historical;Romance,Madhouse
Sonny Boy,Sonny Boy,12,Original,None,Summer 2021,TV,Madhouse,7.68,6781 ,Ranked #1088,Popularity #1804,80608,https://myanimelist.net/anime/48849/Sonny_Boy,Sci-Fi;Super Power,Madhouse
Magical☆Shopping Arcade Abenobashi,アベノ橋魔法☆商店街,13,Original,R+ - Mild Nudity,Spring 2002,TV,"Gainax,             Madhouse",7.25,29758 ,Ranked #2588,Popularity #1871,76224,https://myanimelist.net/anime/306/Abenobashi_Mahou☆Shoutengai,Comedy;Parody;Ecchi;Fantasy,Madhouse
X,X−エックス−,24,Manga,R+ - Mild Nudity,Fall 2001,TV,Madhouse,7.42,31140 ,Ranked #1868,Popularity #1916,72394,https://myanimelist.net/anime/156/X,Action;Super Power;Drama;Magic;Romance;Fantasy;Shoujo,Madhouse
Kiba,牙-KIBA-,51,Original,PG-13 - Teens 13 or older,Spring 2006,TV,Madhouse,7.31,28402 ,Ranked #2327,Popularity #1947,70444,https://myanimelist.net/anime/845/Kiba,Adventure;Fantasy;Shounen,Madhouse
Princess Resurrection,怪物王女,25,Manga,PG-13 - Teens 13 or older,Spring 2007,TV,Madhouse,7.00,24316 ,Ranked #3742,Popularity #1948,70390,https://myanimelist.net/anime/2130/Kaibutsu_Oujo,Action;Comedy;Supernatural;Horror;Vampire;Shounen,Madhouse
The Animatrix,アニマトリックス,9,Other,R - 17+ (violence & profanity),-,OVA,"Madhouse,             Studio 4°C",7.30,38156 ,Ranked #2364,Popularity #2000,67818,https://myanimelist.net/anime/1303/The_Animatrix,Action;Drama;Sci-Fi,Madhouse
Overlord: The Undead King,【前編】劇場版総集編 オーバーロード 不死者の王,1,Light novel,R - 17+ (violence & profanity),-,Movie,Madhouse,7.61,19310 ,Ranked #1269,Popularity #2094,63959,https://myanimelist.net/anime/34161/Overlord_Movie_1__Fushisha_no_Ou,Action;Game;Supernatural;Magic;Fantasy,Madhouse
-,ケモノヅメ,13,Original,R+ - Mild Nudity,Summer 2006,TV,Madhouse,7.38,16155 ,Ranked #2037,Popularity #2108,63031,https://myanimelist.net/anime/1454/Kemonozume,Action;Demons;Horror;Romance;Supernatural,Madhouse
Ace of Diamond Act II,ダイヤのA[エース] actII,52,Manga,PG-13 - Teens 13 or older,Spring 2019,TV,Madhouse,8.24,27581 ,Ranked #273,Popularity #2114,63325,https://myanimelist.net/anime/38731/Diamond_no_Ace__Act_II,Comedy;School;Shounen;Sports,Madhouse
No Guns Life,ノー・ガンズ・ライフ,12,Manga,PG-13 - Teens 13 or older,Summer 2020,TV,Madhouse,7.06,20794 ,Ranked #3434,Popularity #2128,62557,https://myanimelist.net/anime/40529/No_Guns_Life_2nd_Season,Action;Sci-Fi;Drama;Seinen,Madhouse
Final Fantasy VII: Last Order,ラストオーダー -ファイナルファンタジーVII-,1,Game,PG-13 - Teens 13 or older,-,Special,Madhouse,7.32,36915 ,Ranked #2288,Popularity #2146,61592,https://myanimelist.net/anime/408/Final_Fantasy_VII__Last_Order,Action;Adventure;Drama;Fantasy;Sci-Fi,Madhouse
The Princess and the Pilot,とある飛空士への追憶,1,Light novel,PG-13 - Teens 13 or older,-,Movie,Madhouse,7.64,25249 ,Ranked #1190,Popularity #2161,61086,https://myanimelist.net/anime/9000/Toaru_Hikuushi_e_no_Tsuioku,Adventure;Military;Romance,Madhouse
Neuro: Supernatural Detective,魔人探偵 脳噛ネウロ,25,Manga,R - 17+ (violence & profanity),Fall 2007,TV,Madhouse,7.61,24045 ,Ranked #1266,Popularity #2162,60986,https://myanimelist.net/anime/2985/Majin_Tantei_Nougami_Neuro,Mystery;Comedy;Demons;Supernatural;Shounen,Madhouse
-,ピアノの森 The Perfect World of Kai,1,Manga,G - All Ages,-,Movie,Madhouse,7.66,22897 ,Ranked #1136,Popularity #2223,57793,https://myanimelist.net/anime/2594/Piano_no_Mori,Adventure;Music;Comedy;Drama;School;Seinen,Madhouse
-,チーズスイートホーム,104,Manga,G - All Ages,Spring 2008,TV,Madhouse,7.69,20813 ,Ranked #1067,Popularity #2246,56617,https://myanimelist.net/anime/3841/Chis_Sweet_Home,Comedy;Slice of Life,Madhouse
AFTERLOST,消滅都市,12,Game,PG-13 - Teens 13 or older,Spring 2019,TV,Madhouse,5.45,12923 ,Ranked #10262,Popularity #2258,56495,https://myanimelist.net/anime/37952/Shoumetsu_Toshi,Action;Adventure;Mystery;Drama;Fantasy,Madhouse
-,魍魎の匣,13,Novel,R - 17+ (violence & profanity),Fall 2008,TV,Madhouse,7.18,13393 ,Ranked #2901,Popularity #2301,54913,https://myanimelist.net/anime/4879/Mouryou_no_Hako,Mystery;Psychological;Supernatural;Thriller;Seinen,Madhouse
Pet Shop of Horrors,Pet Shop of Horrors (ペットショップ・オブ・ホラーズ),4,Manga,R - 17+ (violence & profanity),Winter 1999,TV,Madhouse,7.26,26754 ,Ranked #2548,Popularity #2303,54883,https://myanimelist.net/anime/326/Petshop_of_Horrors,Horror;Josei;Mystery;Supernatural,Madhouse
Overlord: The Dark Hero,【後編】劇場版総集編 オーバーロード 漆黒の英雄,1,Light novel,R - 17+ (violence & profanity),-,Movie,Madhouse,7.65,16845 ,Ranked #1174,Popularity #2305,55135,https://myanimelist.net/anime/34428/Overlord_Movie_2__Shikkoku_no_Eiyuu,Action;Game;Supernatural;Magic;Fantasy,Madhouse
Record of Lodoss War,ロードス島戦記,13,Novel,R - 17+ (violence & profanity),-,OVA,Madhouse,7.39,20057 ,Ranked #1987,Popularity #2309,54619,https://myanimelist.net/anime/207/Lodoss-tou_Senki,Action;Adventure;Fantasy;Magic;Shounen;Supernatural,Madhouse
-,ブラック・ラグーン オマケ,7,Manga,PG-13 - Teens 13 or older,-,Special,Madhouse,6.81,27732 ,Ranked #4477,Popularity #2312,54508,https://myanimelist.net/anime/8440/Black_Lagoon_Omake,Comedy,Madhouse
Battle Angel Alita,銃夢 GUNNM,2,Manga,R+ - Mild Nudity,-,OVA,Madhouse,7.09,23426 ,Ranked #3320,Popularity #2458,48740,https://myanimelist.net/anime/1016/Gunnm,Drama;Mecha;Sci-Fi;Shounen,Madhouse
Captain Tsubasa,キャプテン翼 (2001),52,Manga,PG-13 - Teens 13 or older,Fall 2001,TV,"Madhouse,             Group TAC",7.40,28341 ,Ranked #1951,Popularity #2537,45879,https://myanimelist.net/anime/1614/Captain_Tsubasa__Road_to_2002,Action;Sports;Shounen,Madhouse
Chobits: Chibits - Sumomo and Kotoko Deliver,ちょびっツ ちびっツ すもも・琴子　届ける,1,Manga,PG-13 - Teens 13 or older,-,Special,Madhouse,6.99,25179 ,Ranked #3745,Popularity #2605,43697,https://myanimelist.net/anime/596/Chobits__Chibits,Romance;Comedy,Madhouse
Ride Back,ライドバック,12,Manga,PG-13 - Teens 13 or older,Winter 2009,TV,Madhouse,7.29,19060 ,Ranked #2423,Popularity #2611,43553,https://myanimelist.net/anime/4618/RideBack,Action;Drama;Mecha;School;Sci-Fi,Madhouse
Fighting Spirit Special,はじめの一歩 THE FIGHTING! ボクサーの拳,1,Manga,PG-13 - Teens 13 or older,-,Special,Madhouse,8.10,24050 ,Ranked #423,Popularity #2660,41543,https://myanimelist.net/anime/12069/Hajime_no_Ippo__Boxer_no_Kobushi,Comedy;Drama;Shounen;Sports,Madhouse
Beyblade G Revolution,爆転シュート　ベイブレードＧレボリューション,52,Manga,PG - Children,Winter 2003,TV,Madhouse,6.92,25375 ,Ranked #4022,Popularity #2677,41312,https://myanimelist.net/anime/1668/Bakuten_Shoot_Beyblade_G_Revolution,Action;Adventure;Comedy;Sci-Fi;Shounen;Sports,Madhouse
Allison & Lillia,アリソンとリリア,26,Light novel,PG-13 - Teens 13 or older,Spring 2008,TV,Madhouse,7.34,12974 ,Ranked #2195,Popularity #2746,39166,https://myanimelist.net/anime/3549/Allison_to_Lillia,Action;Adventure;Shounen,Madhouse
Barefoot Gen,はだしのゲン,1,Manga,PG-13 - Teens 13 or older,-,Movie,Madhouse,7.79,15212 ,Ranked #860,Popularity #2747,39184,https://myanimelist.net/anime/1824/Hadashi_no_Gen,Drama;Historical,Madhouse
Tenjho Tenge: The Ultimate Fight,天上天下ULTIMATE FIGHT,2,Manga,R - 17+ (violence & profanity),-,OVA,Madhouse,7.06,21585 ,Ranked #3453,Popularity #2761,38776,https://myanimelist.net/anime/448/Tenjou_Tenge__The_Ultimate_Fight,Adventure;Drama;Martial Arts;Romance;Shounen;Supernatural,Madhouse
-,ちはやふる２　わがみよにふるながめせしまに,1,Manga,PG-13 - Teens 13 or older,-,OVA,Madhouse,7.03,18031 ,Ranked #3594,Popularity #2809,37644,https://myanimelist.net/anime/18745/Chihayafuru_2__Waga_Miyo_ni_Furu_Nagame_Shima_ni,Comedy;Josei;School;Slice of Life,Madhouse
DNA²,Ｄ・Ｎ・Ａ²　～何処かで失くしたあいつのアイツ～,12,Manga,PG-13 - Teens 13 or older,Fall 1994,TV,"Madhouse,             Studio Deen",6.66,17891 ,Ranked #5203,Popularity #2810,37651,https://myanimelist.net/anime/563/DNA²,Sci-Fi;Comedy;Romance,Madhouse
-,仮面のメイドガイ,12,Manga,R+ - Mild Nudity,Spring 2008,TV,Madhouse,7.02,16602 ,Ranked #3674,Popularity #2820,37461,https://myanimelist.net/anime/3616/Kamen_no_Maid_Guy,Action;Comedy;Super Power;Ecchi;Shounen,Madhouse
The Gokusen,ごくせん,13,Manga,R - 17+ (violence & profanity),Winter 2004,TV,Madhouse,7.42,17620 ,Ranked #1879,Popularity #2839,37027,https://myanimelist.net/anime/242/Gokusen,Slice of Life;Comedy;Drama;School;Josei,Madhouse
Wicked City,妖獣都市,1,Novel,R+ - Mild Nudity,-,Movie,Madhouse,6.45,14937 ,Ranked #6319,Popularity #2862,36614,https://myanimelist.net/anime/1107/Youjuu_Toshi,Action;Adventure;Demons;Drama;Horror;Super Power,Madhouse
Tales of Saiunkoku,彩雲国物語 第2シリーズ,39,Light novel,PG-13 - Teens 13 or older,Spring 2007,TV,Madhouse,8.06,15210 ,Ranked #466,Popularity #2878,36057,https://myanimelist.net/anime/1914/Saiunkoku_Monogatari_2nd_Season,Adventure;Comedy;Drama;Fantasy;Historical;Romance,Madhouse
Chobits: Hibiya and Kotoko Chat,ちょびっツ,1,Manga,PG-13 - Teens 13 or older,-,Special,Madhouse,6.97,19250 ,Ranked #3812,Popularity #2882,35862,https://myanimelist.net/anime/1311/Chobits_Recap,Ecchi;Romance;Comedy;Sci-Fi;Drama,Madhouse
Ninja Scroll: The Series,獣兵衛忍風帖「龍宝玉篇」,13,Original,R - 17+ (violence & profanity),Spring 2003,TV,Madhouse,6.69,15174 ,Ranked #5052,Popularity #2903,35467,https://myanimelist.net/anime/618/Juubee_Ninpuuchou__Ryuuhougyoku-hen,Adventure;Horror;Magic;Martial Arts;Samurai;Shounen;Supernatural,Madhouse
-,カードキャプターさくら クリアカード編 プロローグ さくらとふたつのくま,1,Manga,G - All Ages,-,OVA,Madhouse,7.79,16061 ,Ranked #857,Popularity #2931,35027,https://myanimelist.net/anime/35320/Cardcaptor_Sakura__Clear_Card-hen_Prologue_-_Sakura_to_Futatsu_no_Kuma,Fantasy;Romance;Shoujo,Madhouse
Mr. Tonegawa: Middle Management Blues,中間管理録トネガワ,24,Manga,PG-13 - Teens 13 or older,Summer 2018,TV,Madhouse,7.14,9120 ,Ranked #3116,Popularity #3020,33092,https://myanimelist.net/anime/37338/Chuukan_Kanriroku_Tonegawa,Comedy;Parody;Psychological;Drama;Seinen,Madhouse
X - The Movie,"エックス, X/1999",1,Manga,R - 17+ (violence & profanity),-,Movie,Madhouse,6.58,16778 ,Ranked #5589,Popularity #3051,32474,https://myanimelist.net/anime/155/X_1999,Action;Drama;Fantasy;Horror;Magic;Sci-Fi;Supernatural,Madhouse
-,銀河英雄伝説: わが征くは星の大海,1,Novel,PG-13 - Teens 13 or older,-,Movie,"Artland,             Madhouse,             Kitty Films",7.93,18308 ,Ranked #635,Popularity #3078,32140,https://myanimelist.net/anime/3014/Ginga_Eiyuu_Densetsu__Waga_Yuku_wa_Hoshi_no_Taikai,Action;Military;Sci-Fi;Space,Madhouse
Your Voice -KIMIKOE-,きみの声をとどけたい,1,Original,PG-13 - Teens 13 or older,-,Movie,Madhouse,7.06,4919 ,Ranked #3480,Popularity #3207,29562,https://myanimelist.net/anime/33218/Kimi_no_Koe_wo_Todoketai,Drama,Madhouse
-,takt op.Destiny,Unknown,Original,None,Fall 2021,TV,"Madhouse,             MAPPA",N/A,- user,Ranked N/A,Popularity #3234,28901,https://myanimelist.net/anime/48556/Takt_Op_Destiny,Action;Music;Fantasy,Madhouse
-,ケロちゃんにおまかせ！,1,Manga,G - All Ages,-,Movie,Madhouse,7.33,14739 ,Ranked #2222,Popularity #3258,28635,https://myanimelist.net/anime/1078/Cardcaptor_Sakura__Kero-chan_ni_Omakase,Comedy;Shoujo,Madhouse
-,スーパーナチュラル・ザ・アニメーション,22,Other,R - 17+ (violence & profanity),-,OVA,Madhouse,7.01,7895 ,Ranked #3714,Popularity #3259,28620,https://myanimelist.net/anime/8986/Supernatural_The_Animation,Action;Demons;Horror;Supernatural,Madhouse
Sunday Without God: Memories,神さまのいない日曜日 第13話 「記憶」,1,Light novel,R - 17+ (violence & profanity),-,Special,Madhouse,6.90,13912 ,Ranked #4123,Popularity #3381,26685,https://myanimelist.net/anime/20423/Kamisama_no_Inai_Nichiyoubi__Kioku,Mystery;Fantasy,Madhouse
Birdy the Mighty,鉄腕バーディー,4,Manga,PG-13 - Teens 13 or older,-,OVA,Madhouse,7.10,8869 ,Ranked #3280,Popularity #3424,26013,https://myanimelist.net/anime/566/Tetsuwan_Birdy,Action;Comedy;Sci-Fi;Shounen,Madhouse
-,すてきですわ、さくらちゃん!　知世のカードキャプターさくら活躍ビデオ日記!,3,Manga,G - All Ages,-,Special,Madhouse,7.48,12633 ,Ranked #1665,Popularity #3438,25834,https://myanimelist.net/anime/2424/Suteki_Desu_wa_Sakura-chan_Tomoyo_no_Cardcaptor_Sakura_Katsuyaku_Video_Nikki,Comedy;Shoujo,Madhouse
Chi's New Address,チーズスイートホーム あたらしいおうち,104,Manga,G - All Ages,Spring 2009,TV,Madhouse,7.74,9575 ,Ranked #961,Popularity #3442,25799,https://myanimelist.net/anime/6024/Chis_Sweet_Home__Atarashii_Ouchi,Comedy;Kids;Slice of Life,Madhouse
Iron Man,アイアンマン,12,Other,PG-13 - Teens 13 or older,Fall 2010,TV,Madhouse,6.08,10951 ,Ranked #8150,Popularity #3459,25503,https://myanimelist.net/anime/6875/Iron_Man,Action;Mecha;Drama,Madhouse
Batman: Gotham Knight,バットマン ゴッサムナイト,6,Other,PG-13 - Teens 13 or older,-,OVA,"Bee Train,             Production I.G,             Madhouse,             Studio 4°C",6.97,15144 ,Ranked #3809,Popularity #3461,25514,https://myanimelist.net/anime/4094/Batman__Gotham_Knight,Action;Adventure;Martial Arts,Madhouse
Neo Tokyo,Manie-Manie 迷宮物語,3,Original,PG-13 - Teens 13 or older,-,Movie,Madhouse,7.05,9542 ,Ranked #3513,Popularity #3478,25250,https://myanimelist.net/anime/1951/Manie-Manie__Meikyuu_Monogatari,Adventure;Fantasy;Horror;Sci-Fi;Supernatural,Madhouse
Ichigo 100% Original DVD Animation,いちご１００％　オリジナルDVDアニメーション,4,Manga,PG-13 - Teens 13 or older,-,OVA,Madhouse,6.89,13910 ,Ranked #4153,Popularity #3485,25078,https://myanimelist.net/anime/981/Ichigo_100_OVA,Comedy;Ecchi;Harem;Romance;School;Shounen,Madhouse
-,ギャラクシーエンジェル,24,Game,PG-13 - Teens 13 or older,Spring 2001,TV,Madhouse,7.02,9582 ,Ranked #3667,Popularity #3500,24919,https://myanimelist.net/anime/383/Galaxy_Angel,Comedy;Sci-Fi,Madhouse
The irregular at magic high school: Get to Know Magic Studies!,よくわかる魔法科！,6,Light novel,PG-13 - Teens 13 or older,-,ONA,-,6.30,10443 ,Ranked #7051,Popularity #3518,24526,https://myanimelist.net/anime/23341/Yoku_Wakaru_Mahouka,Comedy;Magic,Madhouse
-,"ヘルズ, (ヘルズエンジェルス)",1,Manga,PG-13 - Teens 13 or older,-,Movie,Madhouse,6.91,8496 ,Ranked #4052,Popularity #3521,24487,https://myanimelist.net/anime/4983/Hells,Adventure;Comedy;Horror,Madhouse
-,無人惑星サヴァイヴ,52,Original,G - All Ages,Fall 2003,TV,"Madhouse,             Telecom Animation Film",7.71,8300 ,Ranked #1024,Popularity #3530,24328,https://myanimelist.net/anime/709/Mujin_Wakusei_Survive,Action;Adventure;Fantasy;Sci-Fi;Slice of Life,Madhouse
Blade,ブレイド,12,Other,R - 17+ (violence & profanity),Summer 2011,TV,Madhouse,6.23,9549 ,Ranked #7386,Popularity #3537,24269,https://myanimelist.net/anime/6920/Blade,Action;Drama;Horror;Vampire,Madhouse
-,ノーゲーム・ノーライフ ゼロ マナー映像,1,Unknown,G - All Ages,-,Movie,Madhouse,6.85,7937 ,Ranked #4335,Popularity #3565,24169,https://myanimelist.net/anime/37402/No_Game_No_Life__Zero_-_Manner_Movie,Comedy,Madhouse
My Wife is a High School Girl,おくさまは女子高生,13,Manga,PG-13 - Teens 13 or older,Summer 2005,TV,Madhouse,6.33,8987 ,Ranked #6912,Popularity #3566,23940,https://myanimelist.net/anime/470/Okusama_wa_Joshikousei_TV,Slice of Life;Comedy;Romance;Drama,Madhouse
X-Men,エックスメン,12,Other,PG-13 - Teens 13 or older,Spring 2011,TV,Madhouse,6.35,10812 ,Ranked #6815,Popularity #3585,23647,https://myanimelist.net/anime/6919/X-Men,Action;Drama;Super Power,Madhouse
Wolverine,ウルヴァリン,12,Other,PG-13 - Teens 13 or older,Winter 2011,TV,Madhouse,6.07,10335 ,Ranked #8210,Popularity #3634,23179,https://myanimelist.net/anime/6918/Wolverine,Action;Martial Arts;Super Power,Madhouse
-,りぜるまいん,24,Manga,R+ - Mild Nudity,Spring 2002,TV,"Madhouse,             Imagin",6.54,9112 ,Ranked #5793,Popularity #3676,22606,https://myanimelist.net/anime/197/Rizelmine,Sci-Fi;Comedy;Romance;Ecchi;School,Madhouse
Cyber City,CYBER CITY OEDO 808 (サイバーシティ オーエド ハチマルハチ),3,Original,R - 17+ (violence & profanity),-,OVA,Madhouse,7.18,8485 ,Ranked #2919,Popularity #3756,21628,https://myanimelist.net/anime/1352/Cyber_City_Oedo_808,Action;Adventure;Police;Sci-Fi,Madhouse
The Tatami Galaxy Specials,四畳半神話大系,3,Novel,PG-13 - Teens 13 or older,-,Special,Madhouse,6.31,9915 ,Ranked #7024,Popularity #3782,21273,https://myanimelist.net/anime/8985/Yojouhan_Shinwa_Taikei_Specials,Comedy,Madhouse
Pita-Ten,ぴたテン,26,Manga,G - All Ages,Spring 2002,TV,Madhouse,6.93,8953 ,Ranked #3995,Popularity #3799,21021,https://myanimelist.net/anime/162/Pita_Ten,Comedy;Romance;Fantasy;School;Shounen,Madhouse
Dragon Drive,ドラゴンドライブ,38,Manga,PG - Children,Summer 2002,TV,Madhouse,6.71,8199 ,Ranked #4937,Popularity #3813,20881,https://myanimelist.net/anime/296/Dragon_Drive,Action;Sci-Fi;Adventure;Comedy;Fantasy;School;Shounen,Madhouse
Sakura Wars,サクラ大戦,25,Game,PG-13 - Teens 13 or older,Spring 2000,TV,Madhouse,6.87,6253 ,Ranked #4235,Popularity #3823,20810,https://myanimelist.net/anime/561/Sakura_Taisen,Adventure;Mecha;Sci-Fi;Shounen,Madhouse
TenjhoTenge: The Past Chapter,天上天下　THE PAST CHAPTER,1,Manga,R - 17+ (violence & profanity),-,Movie,Madhouse,7.06,9376 ,Ranked #3452,Popularity #3835,20632,https://myanimelist.net/anime/760/Tenjou_Tenge__The_Past_Chapter,Adventure;Drama;Martial Arts;Romance;Shounen;Supernatural,Madhouse
-,マスターキートン,24,Manga,R - 17+ (violence & profanity),Fall 1998,TV,Madhouse,7.60,3973 ,Ranked #1307,Popularity #3840,20601,https://myanimelist.net/anime/1483/Master_Keaton,Adventure;Drama;Historical;Mystery;Seinen;Slice of Life,Madhouse
Mirage of Blaze,炎の蜃気楼 [ミラージュ],13,Light novel,PG-13 - Teens 13 or older,Winter 2002,TV,Madhouse,6.55,6860 ,Ranked #5755,Popularity #3859,20343,https://myanimelist.net/anime/1019/Honoo_no_Mirage,Action;Historical;Supernatural;Drama;Romance;School;Shounen Ai,Madhouse
-,アニ＊クリ15,15,Original,PG-13 - Teens 13 or older,-,Special,"Gonzo,             Gainax,             Production I.G,             Madhouse,             Studio 4°C,             Satelight,             CoMix Wave Films",6.77,9326 ,Ranked #4647,Popularity #3881,20073,https://myanimelist.net/anime/2832/AniKuri15,Slice of Life;Adventure;Fantasy;Magic;Game;Martial Arts;Comedy;Mecha;Super Power;Supernatural;School;Drama;Sci-Fi,Madhouse
World's End,アラタなるセカイ WORLD'S/START/LOAD/END,1,Unknown,PG-13 - Teens 13 or older,-,OVA,Madhouse,6.29,8313 ,Ranked #7074,Popularity #3977,18777,https://myanimelist.net/anime/14373/Arata_naru_Sekai__Worlds_Start_Load_End,Sci-Fi,Madhouse
-,デ・ジ･キャラット,16,Original,G - All Ages,Fall 1999,TV,Madhouse,6.74,8045 ,Ranked #4825,Popularity #3985,18756,https://myanimelist.net/anime/293/Di_Gi_Charat,Sci-Fi;Comedy;Fantasy,Madhouse
-,CLAMP IN WONDERLAND 2,1,Manga,G - All Ages,-,Music,Madhouse,7.46,10431 ,Ranked #1737,Popularity #4007,18512,https://myanimelist.net/anime/2768/CLAMP_in_Wonderland_2,Action;Fantasy;Magic;Comedy;Romance;Music;Drama,Madhouse
-,いちご100% 恋が始まる!? 撮影合宿 〜ゆれるココロが東へ西へ〜,1,Unknown,PG-13 - Teens 13 or older,-,Special,Madhouse,6.88,9323 ,Ranked #4201,Popularity #4128,17477,https://myanimelist.net/anime/642/Ichigo_100__Koi_ga_Hajimaru_Satsuei_Gasshuku_-_Yureru_Kokoro_ga_Higashi_e_Nishi_e,Ecchi;Romance;Shounen,Madhouse
-,秘密（トップシークレット） The Revelation,26,Manga,R+ - Mild Nudity,Spring 2008,TV,Madhouse,7.32,3301 ,Ranked #2276,Popularity #4158,17128,https://myanimelist.net/anime/3859/Top_Secret__The_Revelation,Sci-Fi;Mystery;Police;Psychological;Shoujo,Madhouse
Strawberry 100%,いちご100%,1,Manga,PG-13 - Teens 13 or older,-,Special,Madhouse,6.87,9297 ,Ranked #4221,Popularity #4161,17085,https://myanimelist.net/anime/641/Ichigo_100_Special_2,Comedy;Ecchi;Romance;Shounen,Madhouse
-,劇場版総集編オーバーロードマナームービー,1,Light novel,G - All Ages,-,Movie,Madhouse,6.90,4365 ,Ranked #4088,Popularity #4184,16966,https://myanimelist.net/anime/36683/Overlord_Movie__Manner_Movie,Comedy,Madhouse
-,東京ＢＡＢＹＬＯＮ,2,Manga,R - 17+ (violence & profanity),-,OVA,Madhouse,6.71,7577 ,Ranked #4970,Popularity #4198,16714,https://myanimelist.net/anime/1043/Tokyo_Babylon,Action;Magic;Mystery;Supernatural,Madhouse
Demon City Shinjuku,魔界都市〈新宿〉,1,Novel,R - 17+ (violence & profanity),-,OVA,Madhouse,6.16,7314 ,Ranked #7784,Popularity #4230,16512,https://myanimelist.net/anime/499/Makai_Toshi_Shinjuku,Adventure;Horror;Romance;Shounen;Supernatural,Madhouse
Jubei-chan the Ninja Girl: Secret of the Lovely Eyepatch,十兵衛ちゃん ーラブリー眼帯の秘密,13,Original,PG-13 - Teens 13 or older,Spring 1999,TV,Madhouse,6.66,6613 ,Ranked #5210,Popularity #4245,16406,https://myanimelist.net/anime/635/Juubee-chan__Lovely_Gantai_no_Himitsu,Action;Adventure;Comedy;Drama;Shounen,Madhouse
Beyond the Heavens,蒼天航路,26,Manga,R+ - Mild Nudity,Spring 2009,TV,Madhouse,7.29,3504 ,Ranked #2431,Popularity #4248,16342,https://myanimelist.net/anime/5226/Souten_Kouro,Action;Adventure;Historical,Madhouse
-,ナナ Specials,3,Manga,R - 17+ (violence & profanity),-,Special,Madhouse,6.99,7799 ,Ranked #3758,Popularity #4275,16080,https://myanimelist.net/anime/1869/Nana_Recaps,Comedy;Drama;Music;Romance;Shoujo;Slice of Life,Madhouse
-,CLAMP IN WONDERLAND,1,Manga,G - All Ages,-,Music,animate Film,6.85,9267 ,Ranked #4305,Popularity #4277,16057,https://myanimelist.net/anime/2274/CLAMP_in_Wonderland,Music,Madhouse
-,YAWARA!,124,Manga,PG-13 - Teens 13 or older,Fall 1989,TV,Madhouse,7.47,2662 ,Ranked #1718,Popularity #4281,16061,https://myanimelist.net/anime/691/Yawara,Action;Comedy;Drama;Martial Arts;Romance;Slice of Life;Sports,Madhouse
-,劇場版 オーバーロード　ぷれぷれぷれあです,2,Light novel,PG-13 - Teens 13 or older,-,Movie,Madhouse,6.86,6178 ,Ranked #4250,Popularity #4294,16049,https://myanimelist.net/anime/36497/Overlord_Movie__Ple_Ple_Pleiades,Action;Comedy;Magic;Fantasy,Madhouse
-,羊のうた,4,Manga,R - 17+ (violence & profanity),-,OVA,Madhouse,6.20,5918 ,Ranked #7564,Popularity #4333,15512,https://myanimelist.net/anime/258/Hitsuji_no_Uta,Horror;Drama;Vampire,Madhouse
-,宝島,26,Novel,PG-13 - Teens 13 or older,Fall 1978,TV,"Madhouse,             TMS Entertainment",7.93,5171 ,Ranked #649,Popularity #4343,15388,https://myanimelist.net/anime/2618/Takarajima,Adventure;Mystery;Historical;Drama,Madhouse
A Wind Named Amnesia,風の名はアムネジア,1,Light novel,R+ - Mild Nudity,-,Movie,Madhouse,6.37,6457 ,Ranked #6696,Popularity #4345,15392,https://myanimelist.net/anime/1793/Kaze_no_Na_wa_Amnesia,Action;Dementia;Drama;Sci-Fi,Madhouse
Night Warriors: Darkstalkers' Revenge,ヴァンパイアハンター,4,Game,R - 17+ (violence & profanity),-,OVA,Madhouse,6.62,5953 ,Ranked #5403,Popularity #4367,15180,https://myanimelist.net/anime/1952/Vampire_Hunter,Action;Adventure;Supernatural;Drama;Vampire;Fantasy,Madhouse
-,ハイランダー,1,Unknown,R - 17+ (violence & profanity),-,Movie,Madhouse,6.74,7610 ,Ranked #4831,Popularity #4383,15036,https://myanimelist.net/anime/2178/Highlander__The_Search_for_Vengeance,Action;Horror;Sci-Fi,Madhouse
-,Needless+ -聖リリィ学園の秘密-,12,Manga,PG-13 - Teens 13 or older,-,Special,Madhouse,6.74,6483 ,Ranked #4795,Popularity #4396,14913,https://myanimelist.net/anime/7322/Needless___Saint_Lily_Gakuen_no_Himitsu,Comedy;Ecchi;School;Seinen,Madhouse
-,ダイヤのA[エース] OAD,3,Manga,PG-13 - Teens 13 or older,-,OVA,"Production I.G,             Madhouse",7.59,6650 ,Ranked #1317,Popularity #4425,14596,https://myanimelist.net/anime/25341/Diamond_no_Ace_OVA,Comedy;Sports;School;Shounen,Madhouse
-,TRAVA FIST PLANET,4,Original,PG-13 - Teens 13 or older,-,OVA,Madhouse,6.55,5754 ,Ranked #5781,Popularity #4507,13937,https://myanimelist.net/anime/1980/Trava__Fist_Planet,Action;Comedy;Mecha;Sci-Fi;Space,Madhouse
Carried by the Wind: Tsukikage Ran,風まかせ月影蘭,13,Original,PG-13 - Teens 13 or older,Winter 2000,TV,Madhouse,7.12,4504 ,Ranked #3210,Popularity #4508,13937,https://myanimelist.net/anime/606/Kazemakase_Tsukikage_Ran,Adventure;Comedy;Historical;Martial Arts;Samurai,Madhouse
Legend of the Crystals: Final Fantasy,ファイナルファンタジー,4,Game,PG-13 - Teens 13 or older,-,OVA,Madhouse,6.10,5586 ,Ranked #8044,Popularity #4550,13723,https://myanimelist.net/anime/426/Final_Fantasy,Action;Adventure;Comedy;Fantasy,Madhouse
-,もっけ,24,Manga,PG - Children,Fall 2007,TV,"Madhouse,             Tezuka Productions",7.06,2336 ,Ranked #3490,Popularity #4600,13279,https://myanimelist.net/anime/2931/Mokke,Slice of Life;Supernatural;Mystery,Madhouse
Mai-Mai Miracle,マイマイ新子と千年の魔法,1,Novel,PG - Children,-,Movie,Madhouse,7.22,4531 ,Ranked #2763,Popularity #4692,12552,https://myanimelist.net/anime/5084/Mai_Mai_Shinko_to_Sennen_no_Mahou,Adventure;Drama,Madhouse
-,花田少年史,25,Manga,R - 17+ (violence & profanity),Fall 2002,TV,Madhouse,8.00,3408 ,Ranked #552,Popularity #4696,12541,https://myanimelist.net/anime/2004/Hanada_Shounen-shi,Comedy;Drama;Seinen;Slice of Life;Supernatural,Madhouse
Okko's Inn,映画 若おかみは小学生！,1,Novel,G - All Ages,-,Movie,"Madhouse,             DLE",7.51,5538 ,Ranked #1598,Popularity #4728,12523,https://myanimelist.net/anime/37682/Wakaokami_wa_Shougakusei_Movie,Comedy;Slice of Life;Supernatural,Madhouse
Aquarian Age: Sign for Evolution,アクエリアンエイジ Sign for Evolution,13,Card game,PG-13 - Teens 13 or older,Winter 2002,TV,Madhouse,6.10,3864 ,Ranked #8028,Popularity #4761,12140,https://myanimelist.net/anime/1224/Aquarian_Age__Sign_for_Evolution,Action;Sci-Fi;Adventure;Music;Super Power;Supernatural;Romance;Fantasy;Shounen,Madhouse
-,ACCA13区監察課 Regards,1,Manga,PG-13 - Teens 13 or older,-,OVA,Madhouse,7.16,4253 ,Ranked #3010,Popularity #4766,12222,https://myanimelist.net/anime/39610/ACCA__13-ku_Kansatsu-ka_-_Regards,Mystery;Police;Drama;Fantasy;Seinen,Madhouse
-,CLOVER,1,Manga,PG-13 - Teens 13 or older,-,Music,Madhouse,6.80,6085 ,Ranked #4540,Popularity #4793,11999,https://myanimelist.net/anime/1890/Clover,Drama;Fantasy;Music;Sci-Fi;Shoujo,Madhouse
-,D・N・A2～何処かで失くしたあいつのアイツ～ (1995),3,Manga,PG-13 - Teens 13 or older,-,OVA,Madhouse,6.55,6250 ,Ranked #5751,Popularity #4868,11574,https://myanimelist.net/anime/1187/DNA²_OVA,Comedy;Drama;Sci-Fi,Madhouse
X: An Omen,X -エックス-第零話 予兆,1,Manga,PG-13 - Teens 13 or older,-,OVA,Madhouse,6.84,5582 ,Ranked #4361,Popularity #4871,11538,https://myanimelist.net/anime/595/X_OVA,Mystery;Supernatural;Drama;Romance;Fantasy,Madhouse
-,家なき子,51,Novel,G - All Ages,Fall 1977,TV,"Madhouse,             TMS Entertainment",7.79,3425 ,Ranked #864,Popularity #4895,11415,https://myanimelist.net/anime/2828/Ie_Naki_Ko,Adventure;Drama;Historical;Kids;Slice of Life,Madhouse
Oh! Edo Rocket,大江戸ロケット,26,Other,PG-13 - Teens 13 or older,Spring 2007,TV,Madhouse,7.21,3684 ,Ranked #2796,Popularity #4909,11322,https://myanimelist.net/anime/2152/Oh_Edo_Rocket,Comedy;Drama;Fantasy;Historical;Sci-Fi,Madhouse
-,絶愛-1989-,1,Manga,R+ - Mild Nudity,-,OVA,Madhouse,6.39,5732 ,Ranked N/A,Popularity #4935,11165,https://myanimelist.net/anime/1041/Zetsuai_1989,Drama;Music;Romance;Sports;Yaoi,Madhouse
-,バイオ・ハンター,1,Manga,R+ - Mild Nudity,-,OVA,Madhouse,5.93,4871 ,Ranked #8752,Popularity #4949,11050,https://myanimelist.net/anime/1269/Bio_Hunter,Action;Demons;Horror,Madhouse
-,セクシーコマンドー外伝 すごいよ!! マサルさん,48,Manga,R - 17+ (violence & profanity),Winter 1998,TV,Magic Bus,7.70,2705 ,Ranked #1033,Popularity #4960,10997,https://myanimelist.net/anime/582/Sexy_Commando_Gaiden__Sugoi_yo_Masaru-san,Comedy;Martial Arts;School;Shounen,Madhouse
-,PERFECT DAY,1,Unknown,G - All Ages,-,Music,Madhouse,7.38,6375 ,Ranked #2004,Popularity #5005,10726,https://myanimelist.net/anime/10445/Perfect_Day,Music,Madhouse
Miyuki-chan in Wonderland,不思議の国の美幸ちゃん,2,Manga,R+ - Mild Nudity,-,OVA,Madhouse,5.71,5349 ,Ranked #9498,Popularity #5029,10611,https://myanimelist.net/anime/1496/Fushigi_no_Kuni_no_Miyuki-chan,Comedy;Ecchi;Fantasy;Shoujo Ai,Madhouse
-,BTOOOM! 爆殺ダイジェスト,2,Manga,R - 17+ (violence & profanity),-,ONA,Madhouse,5.85,1772 ,Ranked #9013,Popularity #5044,10614,https://myanimelist.net/anime/40379/Btooom__Bakusatsu_Digest,Action,Madhouse
-,怪物王女　第26話「昏睡王女」,1,Manga,PG-13 - Teens 13 or older,-,Special,Madhouse,7.00,4725 ,Ranked #3743,Popularity #5048,10518,https://myanimelist.net/anime/4082/Kaibutsu_Oujo__Konsui_Oujo,Action;Comedy;Horror;Supernatural;Vampire;Shounen,Madhouse
-,ザ・コクピット,3,Manga,PG-13 - Teens 13 or older,-,OVA,Madhouse,7.21,4195 ,Ranked #2813,Popularity #5098,10241,https://myanimelist.net/anime/2500/The_Cockpit,Historical;Military,Madhouse
Devil Hunter Yohko,魔物ハンター妖子,6,Original,R+ - Mild Nudity,-,OVA,Madhouse,6.28,3752 ,Ranked #7171,Popularity #5121,10143,https://myanimelist.net/anime/1280/Mamono_Hunter_Youko,Fantasy;Magic;Comedy;Supernatural;Horror,Madhouse
-,エースをねらえ!,26,Manga,PG-13 - Teens 13 or older,Fall 1973,TV,"Madhouse,             Tokyo Movie Shinsha",7.01,2313 ,Ranked #3679,Popularity #5160,9948,https://myanimelist.net/anime/311/Ace_wo_Nerae,Sports;Drama;Romance;School;Shoujo,Madhouse
Patlabor Movie 3: WXIII,WXIII 機動警察パトレイバー,1,Original,R - 17+ (violence & profanity),-,Movie,Madhouse,6.73,4705 ,Ranked #4885,Popularity #5165,9920,https://myanimelist.net/anime/1290/WXIII_Kidou_Keisatsu_Patlabor,Sci-Fi;Police;Mecha,Madhouse
-,TOKYO TRIBE 2,13,Unknown,R+ - Mild Nudity,Fall 2006,TV,Madhouse,6.71,2201 ,Ranked #4971,Popularity #5170,9907,https://myanimelist.net/anime/1703/Tokyo_Tribe_2,Action;Drama,Madhouse
Barefoot Gen 2,はだしのゲン　２,1,Manga,PG-13 - Teens 13 or older,-,Movie,Madhouse,7.36,4397 ,Ranked #2120,Popularity #5184,9855,https://myanimelist.net/anime/1825/Hadashi_no_Gen_2,Drama;Historical;Shounen,Madhouse
Jubei-chan 2: The Counterattack of Siberia Yagyu,十兵衛ちゃん2 ～シベリア柳生の逆襲～,13,Original,PG-13 - Teens 13 or older,Winter 2004,TV,Madhouse,6.85,3696 ,Ranked #4319,Popularity #5217,9658,https://myanimelist.net/anime/636/Juubee-chan_2__Siberia_Yagyuu_no_Gyakushuu,Adventure;Comedy;Drama;Martial Arts;Samurai;Shounen,Madhouse
Mirage of Blaze: Rebels of the River Edge,炎の蜃気楼～みなぎわの反逆者～,3,Light novel,R - 17+ (violence & profanity),-,OVA,Madhouse,6.86,3653 ,Ranked #4292,Popularity #5264,9432,https://myanimelist.net/anime/1020/Honoo_no_Mirage__Minagiwa_no_Hangyakusha,Action;Romance;Supernatural;Historical;Drama;Shoujo;Shounen Ai,Madhouse
-,モンスター EXTRA,1,Manga,R - 17+ (violence & profanity),-,Special,Madhouse,6.65,3871 ,Ranked #5253,Popularity #5267,9417,https://myanimelist.net/anime/1109/Monster_Extra__Hottan,Drama;Horror;Mystery;Seinen,Madhouse
Magic User's Club,魔法使いTai!,13,Unknown,PG-13 - Teens 13 or older,Summer 1999,TV,"Madhouse,             Production Reed",6.77,2938 ,Ranked #4668,Popularity #5299,9266,https://myanimelist.net/anime/630/Mahoutsukai_Tai_TV,Sci-Fi;Comedy;Magic;Romance;School,Madhouse
-,アフロサムライ,1,Original,R+ - Mild Nudity,-,Special,Madhouse,6.71,4162 ,Ranked #4927,Popularity #5316,9194,https://myanimelist.net/anime/27939/Afro_Samurai_Pilot,Action;Martial Arts;Samurai;Seinen,Madhouse
The Ambition of Oda Nobuna,織田信奈の野望 総集編,1,Light novel,PG-13 - Teens 13 or older,-,Special,Madhouse,6.97,2904 ,Ranked #3833,Popularity #5351,9088,https://myanimelist.net/anime/15719/Oda_Nobuna_no_Yabou_Recap,Comedy;Historical;Romance,Madhouse
-,ギャラクシーエンジェルＺ,9,Original,PG - Children,Winter 2002,TV,Madhouse,7.16,4263 ,Ranked #3024,Popularity #5352,9069,https://myanimelist.net/anime/652/Galaxy_Angel_Z,Sci-Fi;Comedy,Madhouse
-,こばと。 はじめてのこばと。,8,Manga,G - All Ages,-,Special,Madhouse,6.83,3084 ,Ranked #4401,Popularity #5376,8953,https://myanimelist.net/anime/10098/Kobato__Hajimete_no_Kobato,Fantasy;Comedy;Drama,Madhouse
-,人間失格 ディレクターズカット版,1,Novel,R - 17+ (violence & profanity),-,Movie,Madhouse,7.51,1654 ,Ranked #1589,Popularity #5397,8881,https://myanimelist.net/anime/7651/Ningen_Shikkaku__Directors_Cut-ban,Drama;Historical;Psychological;Seinen,Madhouse
-,ダイヤのA[エース]～Second Season OAD～,2,Manga,PG-13 - Teens 13 or older,-,OVA,"Production I.G,             Madhouse",7.60,3610 ,Ranked #1295,Popularity #5421,8839,https://myanimelist.net/anime/34349/Diamond_no_Ace__Second_Season_OVA,Comedy;Sports;School;Shounen,Madhouse
-,"仮面のメイドガイ あの夏, いちばん豊か乳。",1,Unknown,R+ - Mild Nudity,-,OVA,Madhouse,6.83,4473 ,Ranked #4400,Popularity #5475,8605,https://myanimelist.net/anime/5045/Kamen_no_Maid_Guy__Ano_Natsu_Ichiban_Yutaka_na_Chichi,Action;Comedy;Ecchi,Madhouse
Goku: Midnight Eye,MIDNIGHT EYE　ゴクウ,1,Manga,R+ - Mild Nudity,-,OVA,Madhouse,6.45,3367 ,Ranked #6301,Popularity #5490,8531,https://myanimelist.net/anime/1879/Midnight_Eye__Gokuu,Action;Sci-Fi;Mystery;Seinen,Madhouse
-,ギャラクシーエンジェルＡＡ,26,Original,PG - Children,Fall 2002,TV,Madhouse,7.29,3662 ,Ranked #2402,Popularity #5511,8455,https://myanimelist.net/anime/653/Galaxy_Angel_3,Comedy;Sci-Fi,Madhouse
-,レッドライン,1,Original,PG-13 - Teens 13 or older,-,Special,Madhouse,6.70,3658 ,Ranked #4981,Popularity #5578,8181,https://myanimelist.net/anime/11483/Redline_Pilot,Cars;Sports,Madhouse
-,ACCA 13区監察課,6,Manga,PG-13 - Teens 13 or older,-,Special,Madhouse,6.79,2217 ,Ranked #4556,Popularity #5606,8139,https://myanimelist.net/anime/35720/ACCA__13-ku_Kansatsu-ka_Specials,Slice of Life;Seinen,Madhouse
Nasu: Summer in Andalusia,茄子 アンダルシアの夏,1,Manga,PG-13 - Teens 13 or older,-,Movie,"Madhouse,             Telecom Animation Film",7.01,3534 ,Ranked #3701,Popularity #5624,8052,https://myanimelist.net/anime/1209/Nasu__Andalusia_no_Natsu,Action;Sports;Seinen,Madhouse
-,夢使い,12,Manga,PG - Children,Spring 2006,TV,Madhouse,6.43,2115 ,Ranked #6435,Popularity #5649,7961,https://myanimelist.net/anime/943/Yume_Tsukai,Drama;Fantasy;Magic;Slice of Life,Madhouse
Doomed Megalopolis,帝都物語,4,Novel,R+ - Mild Nudity,-,OVA,Madhouse,5.96,2250 ,Ranked #8635,Popularity #5672,7897,https://myanimelist.net/anime/1148/Teito_Monogatari,Historical;Horror;Supernatural,Madhouse
-,マスターキートン,15,Manga,R - 17+ (violence & profanity),-,OVA,Madhouse,7.75,2233 ,Ranked #940,Popularity #5715,7756,https://myanimelist.net/anime/1910/Master_Keaton_OVA,Adventure;Drama;Historical;Mystery;Seinen;Slice of Life,Madhouse
Twilight Of The Dark Master,支配者の黄昏,1,Manga,R+ - Mild Nudity,-,OVA,"Madhouse,             Production Reed",5.82,3200 ,Ranked #9094,Popularity #5726,7724,https://myanimelist.net/anime/1245/Shihaisha_no_Tasogare,Action;Sci-Fi;Horror;Demons;Supernatural;Drama;Shoujo,Madhouse
-,ギャラクシーエンジェル4,13,Game,PG - Children,Summer 2004,TV,"Madhouse,             feel.",7.20,2758 ,Ranked #2848,Popularity #5935,7069,https://myanimelist.net/anime/655/Galaxy_Angel_4,Comedy;Sci-Fi,Madhouse
Iron Man: Rise of Technovore,アイアンマン：ライズ・オブ・テクノヴォア,1,Other,PG-13 - Teens 13 or older,-,OVA,Madhouse,6.19,3368 ,Ranked #7592,Popularity #6002,6910,https://myanimelist.net/anime/15847/Iron_Man__Rise_of_Technovore,Action;Mecha,Madhouse
Reign: The Conqueror,アレクサンダー戦記,13,Novel,R+ - Mild Nudity,Summer 1999,TV,Madhouse,5.70,2718 ,Ranked #9520,Popularity #6007,6885,https://myanimelist.net/anime/1442/Alexander_Senki,Action;Adventure;Fantasy;Historical;Sci-Fi;Supernatural,Madhouse
Junk Boy,ジャンクボーイ,1,Manga,R+ - Mild Nudity,-,OVA,Madhouse,5.94,3209 ,Ranked #8741,Popularity #6019,6858,https://myanimelist.net/anime/3889/Junk_Boy,Comedy;Romance;Ecchi,Madhouse
-,SPACE PIRATE CAPTAIN HERLOCK OUTSIDE LEGEND ~The Endless Odyssey~,13,Unknown,PG-13 - Teens 13 or older,-,OVA,Madhouse,7.35,2162 ,Ranked #2163,Popularity #6044,6759,https://myanimelist.net/anime/1081/Space_Pirate_Captain_Herlock__Outside_Legend_-_The_Endless_Odyssey,Action;Adventure;Space;Drama;Sci-Fi;Seinen,Madhouse
The Diary of Anne Frank,アンネの日記,1,Unknown,PG-13 - Teens 13 or older,-,Movie,Madhouse,6.81,1998 ,Ranked #4476,Popularity #6079,6655,https://myanimelist.net/anime/3829/Anne_no_Nikki,Drama;Historical,Madhouse
Mermaid's Scar,人魚の傷,1,Manga,R - 17+ (violence & profanity),-,OVA,Madhouse,6.80,2572 ,Ranked #4555,Popularity #6090,6622,https://myanimelist.net/anime/2017/Mermaids_Scar,Drama;Fantasy;Horror;Mystery,Madhouse
-,"チーズスイートホーム チーとコッチ, 出会う.",1,Manga,G - All Ages,-,OVA,Madhouse,7.34,2880 ,Ranked #2198,Popularity #6111,6561,https://myanimelist.net/anime/7972/Chis_Sweet_Home__Chi_to_Kocchi_Deau,Slice of Life;Comedy;Kids,Madhouse
-,魍魎の匣,1,Novel,R - 17+ (violence & profanity),-,Special,Madhouse,6.64,3243 ,Ranked #5273,Popularity #6157,6431,https://myanimelist.net/anime/6736/Mouryou_no_Hako__Chuuzenji_Atsuko_no_Jikenbo_-_Hako_no_Yurei_no_Koto,Mystery;Seinen;Supernatural;Thriller,Madhouse
-,ちはやふる 3 十五.五首（総集編）,1,Manga,PG-13 - Teens 13 or older,-,Special,Madhouse,6.69,2051 ,Ranked #5035,Popularity #6165,6480,https://myanimelist.net/anime/41105/Chihayafuru_3__Ima_Hitotabi_no,Game;Slice of Life;Sports;Drama;School;Josei,Madhouse
Fairy Musketeers,おとぎ銃士 赤ずきん,39,Original,PG-13 - Teens 13 or older,Summer 2006,TV,Madhouse,6.93,1286 ,Ranked #3993,Popularity #6232,6226,https://myanimelist.net/anime/607/Otogi_Juushi_Akazukin,Adventure;Comedy;Fantasy,Madhouse
Magical Meow Meow Taruto,魔法少女猫[まじかる にゃん にゃん]たると,12,Unknown,G - All Ages,Summer 2001,TV,"Madhouse,             TNK",6.21,1652 ,Ranked #7503,Popularity #6246,6183,https://myanimelist.net/anime/952/Magical_Nyan_Nyan_Taruto,Comedy;Magic,Madhouse
Shingu: Secret of the Stellar Wars,学園戦記ムリョウ,26,Original,PG-13 - Teens 13 or older,Spring 2001,TV,Madhouse,7.03,1465 ,Ranked #3604,Popularity #6285,6094,https://myanimelist.net/anime/1179/Gakuen_Senki_Muryou,Sci-Fi;Adventure;Space;Supernatural;Mecha;Shounen,Madhouse
-,デ・ジ・キャラットにょ,104,Unknown,G - All Ages,Spring 2003,TV,Madhouse,7.04,1754 ,Ranked #3570,Popularity #6290,6087,https://myanimelist.net/anime/1683/Di_Gi_Charat_Nyo,Comedy;Fantasy;Sci-Fi,Madhouse
Ultraviolet: Code 044,ウルトラヴァイオレットコード044,12,Other,R - 17+ (violence & profanity),Summer 2008,TV,Madhouse,5.89,1010 ,Ranked #8888,Popularity #6335,5984,https://myanimelist.net/anime/4264/Ultraviolet__Code_044,Action;Sci-Fi,Madhouse
-,カムイの剣,1,Novel,PG-13 - Teens 13 or older,-,Movie,Madhouse,6.62,1823 ,Ranked #5423,Popularity #6499,5615,https://myanimelist.net/anime/496/Kamui_no_Ken,Adventure;Historical;Drama;Fantasy;Shounen,Madhouse
Okko's Inn,若おかみは小学生！,24,Novel,G - All Ages,Spring 2018,TV,"Madhouse,             DLE",6.58,1070 ,Ranked #5586,Popularity #6510,5614,https://myanimelist.net/anime/37433/Wakaokami_wa_Shougakusei,Comedy;Slice of Life;Supernatural,Madhouse
Urusei Yatsura Movie 6: Always My Darling,うる星やつら いつだって・マイ・ダーリン,1,Manga,PG-13 - Teens 13 or older,-,Movie,Madhouse,6.84,1958 ,Ranked #4358,Popularity #6600,5396,https://myanimelist.net/anime/1925/Urusei_Yatsura_Movie_6__Itsudatte_My_Darling,Action;Sci-Fi;Adventure;Comedy;Drama;Romance,Madhouse
The Tibetan Dog,チベット犬物語,1,Unknown,G - All Ages,-,Movie,Madhouse,7.28,1865 ,Ranked #2458,Popularity #6616,5355,https://myanimelist.net/anime/10629/Tibet_Inu_Monogatari,Adventure,Madhouse
Stitch!,スティッチ！,25,Other,PG - Children,Fall 2008,TV,Madhouse,6.07,1802 ,Ranked #8204,Popularity #6731,5131,https://myanimelist.net/anime/5027/Stitch,Adventure;Comedy;Kids,Madhouse
-,うる星やつら,11,Manga,PG-13 - Teens 13 or older,-,OVA,"Madhouse,             Studio Deen,             Magic Bus",7.38,1853 ,Ranked #2018,Popularity #6768,5051,https://myanimelist.net/anime/1919/Urusei_Yatsura_OVA,Sci-Fi;Adventure;Comedy,Madhouse
-,夏への扉,1,Manga,PG-13 - Teens 13 or older,-,Movie,"Madhouse,             Toei Animation",6.01,1725 ,Ranked #8451,Popularity #6839,4943,https://myanimelist.net/anime/2621/Natsu_e_no_Tobira,Drama;Romance;Shoujo;Shounen Ai,Madhouse
-,チャンス　トライアングルセッション,13,Radio,PG-13 - Teens 13 or older,Spring 2001,TV,Madhouse,6.52,1594 ,Ranked #5924,Popularity #6897,4833,https://myanimelist.net/anime/2495/Chance_Triangle_Session,Slice of Life;Music;Drama,Madhouse
-,BRONZE KoJI NANJo cathexis,1,Manga,PG-13 - Teens 13 or older,-,OVA,Madhouse,6.22,2121 ,Ranked #7457,Popularity #6901,4829,https://myanimelist.net/anime/3007/Bronze__Kouji_Nanjo_Cathexis,Music;Shounen Ai,Madhouse
Harmagedon,幻魔大戦,1,Manga,R - 17+ (violence & profanity),-,Movie,Madhouse,5.14,1623 ,Ranked #10925,Popularity #6940,4757,https://myanimelist.net/anime/1626/Genma_Taisen,Action;Adventure;Comedy;Drama;Mecha;Sci-Fi;Shounen,Madhouse
Marvel Avengers Confidential: Black Widow & Punisher,アベンジャーズ コンフィデンシャル: ブラックウィドウとパニッシャー,1,Other,PG-13 - Teens 13 or older,-,Movie,Madhouse,6.31,2283 ,Ranked #6979,Popularity #6966,4717,https://myanimelist.net/anime/25457/Avengers_Confidential__Black_Widow_to_Punisher,Action;Sci-Fi;Seinen,Madhouse
Phantom Quest Corp.,幽幻怪社,4,Original,PG-13 - Teens 13 or older,-,OVA,Madhouse,6.47,1638 ,Ranked #6204,Popularity #6968,4721,https://myanimelist.net/anime/599/Yuugen_Kaisha,Action;Adventure;Comedy;Super Power;Supernatural;Magic;Vampire,Madhouse
-,ぱにょぱにょ　デ・ジ・キャラット,48,Unknown,G - All Ages,Winter 2002,TV,Madhouse,6.67,1404 ,Ranked #5159,Popularity #6972,4716,https://myanimelist.net/anime/1597/Panyo_Panyo_Di_Gi_Charat,Comedy,Madhouse
-,吸血鬼すぐ死ぬ,Unknown,Manga,None,Fall 2021,TV,Madhouse,N/A,- user,Ranked N/A,Popularity #7022,4997,https://myanimelist.net/anime/41833/Kyuuketsuki_Sugu_Shinu,Comedy;Supernatural;Vampire;Shounen,Madhouse
-,X² ダブルエックス,1,Manga,PG-13 - Teens 13 or older,-,Music,Madhouse,6.49,1921 ,Ranked #6100,Popularity #7076,4527,https://myanimelist.net/anime/2729/X²__Double_X,Music;Drama;Shoujo,Madhouse
-,彩雲国物語 彩雲国絵巻,9,Light novel,PG-13 - Teens 13 or older,-,Special,Madhouse,7.24,1089 ,Ranked #2643,Popularity #7077,4528,https://myanimelist.net/anime/2193/Saiunkoku_Monogatari_Recaps,Adventure;Comedy;Historical;Drama;Romance;Fantasy,Madhouse
Goku II: Midnight Eye,MIDNIGHT EYE　ゴクウII,1,Manga,R+ - Mild Nudity,-,OVA,Madhouse,6.23,2389 ,Ranked #7412,Popularity #7089,4519,https://myanimelist.net/anime/1880/Midnight_Eye__Gokuu_II,Action;Sci-Fi;Adventure;Mystery;Super Power;Seinen,Madhouse
The Fantastic Adventures Of Unico,ユニコ,1,Manga,G - All Ages,-,Movie,Madhouse,7.14,1851 ,Ranked #3105,Popularity #7143,4457,https://myanimelist.net/anime/2427/Unico,Adventure;Fantasy;Kids,Madhouse
-,メイプルストーリー,25,Game,PG - Children,Fall 2007,TV,Madhouse,5.30,1118 ,Ranked #10620,Popularity #7197,4370,https://myanimelist.net/anime/2719/MapleStory,Action;Kids;Fantasy;Comedy;Romance,Madhouse
Bride of Deimos,悪魔の花嫁 蘭の組曲,1,Manga,R - 17+ (violence & profanity),-,OVA,Madhouse,5.68,1689 ,Ranked #9582,Popularity #7198,4366,https://myanimelist.net/anime/5918/Deimos_no_Hanayome__Ran_no_Kumikyoku,Mystery;Horror;Demons;Psychological;Supernatural;Drama;Magic;Fantasy;Shoujo,Madhouse
Psycho Diver: Soul Siren,サイコダイバー 魔性菩薩,1,Unknown,R+ - Mild Nudity,-,OVA,Madhouse,5.69,1541 ,Ranked #9561,Popularity #7252,4310,https://myanimelist.net/anime/1767/Psycho_Diver__Mashou_Bosatsu,Horror;Psychological;Sci-Fi,Madhouse
-,セイント・ビースト～幾千の昼と夜 編～,2,Unknown,PG-13 - Teens 13 or older,-,OVA,Madhouse,6.27,1166 ,Ranked #7214,Popularity #7784,3486,https://myanimelist.net/anime/3004/Saint_Beast__Ikusen_no_Hiru_to_Yoru-hen,Magic;Fantasy,Madhouse
-,マーベル フューチャー・アベンジャーズ,26,Other,PG - Children,Summer 2017,TV,Madhouse,5.56,438 ,Ranked #9959,Popularity #7886,3390,https://myanimelist.net/anime/34975/Marvel_Future_Avengers,Action;Super Power;Kids,Madhouse
-,スーパードール リカちゃん,52,Other,G - All Ages,Fall 1998,TV,Madhouse,6.55,1042 ,Ranked #5776,Popularity #7928,3303,https://myanimelist.net/anime/2766/Super_Doll_Licca-chan,Adventure;Magic;Comedy,Madhouse
-,時空[とき]の旅人 Time Stranger,1,Novel,PG-13 - Teens 13 or older,-,Movie,Madhouse,6.05,890 ,Ranked #8302,Popularity #7950,3273,https://myanimelist.net/anime/3115/Toki_no_Tabibito__Time_Stranger,Action;Adventure;Romance;Sci-Fi,Madhouse
-,NINETEEN 19,1,Manga,R - 17+ (violence & profanity),-,OVA,Madhouse,6.08,1238 ,Ranked #8109,Popularity #7957,3273,https://myanimelist.net/anime/2468/Nineteen_19,Romance;Drama,Madhouse
-,ボビーに首ったけ,1,Novel,PG-13 - Teens 13 or older,-,Movie,Madhouse,6.01,1213 ,Ranked #8427,Popularity #7997,3210,https://myanimelist.net/anime/3120/Bobby_ni_Kubittake,Drama;Romance;Slice of Life,Madhouse
Aim for the Ace! (1979),エースをねらえ！,1,Unknown,PG-13 - Teens 13 or older,-,Movie,Madhouse,6.81,1300 ,Ranked #4474,Popularity #8003,3208,https://myanimelist.net/anime/313/Ace_wo_Nerae_1979,Sports;Drama;Romance;School;Shoujo,Madhouse
Aquarian Age: The Movie,アクエリアンエイジ Saga II ~Don't forget me...~,1,Card game,PG-13 - Teens 13 or older,-,OVA,Madhouse,5.80,918 ,Ranked #9173,Popularity #8026,3175,https://myanimelist.net/anime/1268/Aquarian_Age__Saga_II_-_Dont_Forget_Me,Action;Super Power;Drama,Madhouse
Nasu: A Migratory Bird with Suitcase,茄子 スーツケースの渡り鳥,1,Manga,PG-13 - Teens 13 or older,-,OVA,Madhouse,7.12,1424 ,Ranked #3183,Popularity #8036,3170,https://myanimelist.net/anime/3111/Nasu__Suitcase_no_Wataridori,Drama;Seinen;Sports,Madhouse
-,Di Gi Charat クリスマススペシャル,1,Unknown,G - All Ages,-,Special,Madhouse,6.57,1487 ,Ranked #5630,Popularity #8161,3005,https://myanimelist.net/anime/1757/Di_Gi_Charat_Christmas_Special,Comedy,Madhouse
-,宇宙よりも遠い場所 予告 WEB限定,13,Original,PG-13 - Teens 13 or older,-,ONA,Madhouse,6.56,979 ,Ranked #5700,Popularity #8164,3037,https://myanimelist.net/anime/37123/Sora_yori_mo_Tooi_Basho__Yokoku,Slice of Life;Comedy,Madhouse
Rail of the Star: A True Story of Children,お星さまのレール,1,Novel,G - All Ages,-,Movie,Madhouse,7.06,850 ,Ranked #3436,Popularity #8186,2980,https://myanimelist.net/anime/1329/Ohoshi-sama_no_Rail,Historical;Drama,Madhouse
Di Gi Charat Movie: A Trip To The Planet,劇場版　Di Gi Charat[デ・ジ・キャラット]　星の旅,1,Unknown,PG-13 - Teens 13 or older,-,Movie,Madhouse,6.56,1252 ,Ranked #5720,Popularity #8209,2951,https://myanimelist.net/anime/1752/Di_Gi_Charat__Hoshi_no_Tabi,Comedy,Madhouse
-,ギャラクシーエンジェル ミュージックコレクション 硝煙と紫煙のカスレ,1,Unknown,PG-13 - Teens 13 or older,-,OVA,Madhouse,6.93,1132 ,Ranked #3976,Popularity #8255,2883,https://myanimelist.net/anime/2206/Galaxy_Angel_Music_Collection__Shouen_to_Shien_no_Cassoulet,Sci-Fi;Comedy,Madhouse
Phoenix: Karma Chapter,火の鳥　鳳凰編,1,Manga,R+ - Mild Nudity,-,Movie,Madhouse,6.85,1106 ,Ranked #4315,Popularity #8264,2879,https://myanimelist.net/anime/2997/Hi_no_Tori__Houou-hen,Historical;Drama;Fantasy,Madhouse
-,X電車で行こう,1,Novel,R - 17+ (violence & profanity),-,OVA,Madhouse,5.77,1110 ,Ranked #9313,Popularity #8281,2861,https://myanimelist.net/anime/1973/X_Densha_de_Ikou,Mystery;Dementia;Supernatural,Madhouse
-,SF新世紀 レンズマン,1,Book,PG-13 - Teens 13 or older,-,Movie,Madhouse,6.13,1169 ,Ranked #7910,Popularity #8384,2752,https://myanimelist.net/anime/2770/SF_Shinseiki_Lensman,Action;Sci-Fi;Adventure;Space,Madhouse
-,太陽の黙示録 A Spirit of the Sun,2,Manga,R - 17+ (violence & profanity),-,Special,Madhouse,6.91,759 ,Ranked #4077,Popularity #8432,2698,https://myanimelist.net/anime/1857/Taiyou_no_Mokushiroku__A_Spirit_of_the_Sun,Drama;Sci-Fi,Madhouse
-,Di Gi Charat サマースペシャル2000,4,Unknown,G - All Ages,-,Special,Madhouse,6.47,1241 ,Ranked #6166,Popularity #8453,2679,https://myanimelist.net/anime/1754/Di_Gi_Charat_Summer_Special_2000,Comedy,Madhouse
-,スウィート・ヴァレリアン,18,Original,G - All Ages,Summer 2004,TV,Madhouse,5.77,842 ,Ranked #9307,Popularity #8566,2573,https://myanimelist.net/anime/2727/Sweet_Valerian,Action;Comedy;Magic;School;Shoujo,Madhouse
-,火聖旅団[ファイアーフォース]ダナサイト９９９．９[フォーナイン],1,Manga,PG-13 - Teens 13 or older,-,OVA,Madhouse,6.05,737 ,Ranked #8264,Popularity #8621,2526,https://myanimelist.net/anime/2019/DNA_Sights_9999,Action;Adventure;Drama;Sci-Fi,Madhouse
-,なつきクライシス,2,Manga,PG-13 - Teens 13 or older,-,OVA,Madhouse,6.22,934 ,Ranked #7435,Popularity #8666,2485,https://myanimelist.net/anime/2083/Natsuki_Crisis,Action;Martial Arts;School,Madhouse
-,B[ボンバーマン]ビーダマン爆外伝,48,Game,PG - Children,Winter 1998,TV,Madhouse,6.46,1018 ,Ranked #6236,Popularity #8667,2480,https://myanimelist.net/anime/1672/Bomberman_B-Daman_Bakugaiden,Sci-Fi;Comedy;Shounen,Madhouse
The Phoenix -Space-,火の鳥　宇宙編,1,Manga,PG-13 - Teens 13 or older,-,OVA,Madhouse,6.94,908 ,Ranked #3956,Popularity #8690,2452,https://myanimelist.net/anime/2998/Hi_no_Tori__Uchuu-hen,Sci-Fi;Space;Drama;Fantasy,Madhouse
-,あずきちゃん,117,Manga,G - All Ages,Spring 1995,TV,Madhouse,6.73,798 ,Ranked #4843,Popularity #8709,2442,https://myanimelist.net/anime/1893/Azuki-chan,Comedy;Romance;Shoujo;Slice of Life,Madhouse
-,Di Gi Charat お花見すぺしゃる,4,Unknown,G - All Ages,-,Special,Madhouse,6.63,1069 ,Ranked #5344,Popularity #8713,2440,https://myanimelist.net/anime/1755/Di_Gi_Charat_Ohanami_Special,Comedy,Madhouse
Unico in the Island of Magic,ユニコ 魔法の島へ,1,Manga,G - All Ages,-,Movie,Madhouse,7.01,1103 ,Ranked #3716,Popularity #8717,2436,https://myanimelist.net/anime/2429/Unico__Mahou_no_Shima_e,Adventure;Fantasy;Kids,Madhouse
Tree in the Sun,陽だまりの樹,25,Manga,R+ - Mild Nudity,Spring 2000,TV,Madhouse,6.89,317 ,Ranked #4150,Popularity #8797,2341,https://myanimelist.net/anime/2694/Hidamari_no_Ki,Action;Historical;Drama;Samurai;Seinen,Madhouse
-,月のワルツ,1,Original,G - All Ages,-,Music,Madhouse,6.47,1359 ,Ranked #6199,Popularity #8809,2328,https://myanimelist.net/anime/6137/Tsuki_no_Waltz,Music;Kids,Madhouse
A-Girl,A-Girl [エー・ガール],1,Manga,PG-13 - Teens 13 or older,-,OVA,Madhouse,5.60,880 ,Ranked #9820,Popularity #8819,2324,https://myanimelist.net/anime/5447/A-Girl,Music;Romance;School;Shoujo,Madhouse
Download: Devil's Circuit,DOWN LOAD 南無阿弥陀仏は愛の詩,1,Original,PG-13 - Teens 13 or older,-,OVA,Madhouse,5.76,730 ,Ranked #9333,Popularity #8882,2284,https://myanimelist.net/anime/3152/Down_Load__Namu_Amida_Butsu_wa_Ai_no_Uta,Action;Adventure;Psychological;Sci-Fi,Madhouse
-,ぴよこにおまかせぴょ！,8,Unknown,PG-13 - Teens 13 or older,-,OVA,Madhouse,6.56,806 ,Ranked #5692,Popularity #8885,2269,https://myanimelist.net/anime/1748/Piyoko_ni_Omakase_pyo,Comedy;Sci-Fi;Shounen,Madhouse
-,電脳コイル総復習,2,Original,G - All Ages,-,Special,Madhouse,6.24,634 ,Ranked #7362,Popularity #8932,2220,https://myanimelist.net/anime/13955/Dennou_Coil_Recaps,Sci-Fi;Adventure;Mystery;Comedy;Drama,Madhouse
-,うたかた花火,1,Unknown,G - All Ages,-,Music,Madhouse,6.44,1312 ,Ranked #6347,Popularity #8951,2202,https://myanimelist.net/anime/12935/Utakata_Hanabi,Music,Madhouse
-,YAWARA! Special ずっと君のことが…。,1,Manga,PG-13 - Teens 13 or older,-,Special,Madhouse,7.22,803 ,Ranked #2728,Popularity #9008,2151,https://myanimelist.net/anime/2009/Yawara__Zutto_Kimi_no_Koto_ga,Action;Slice of Life;Comedy;Sports;Drama;Martial Arts,Madhouse
Reign: The Conqueror Movie,アレクサンダー戦記 劇場版,1,Novel,R - 17+ (violence & profanity),-,Movie,Madhouse,5.93,483 ,Ranked #8750,Popularity #9085,2083,https://myanimelist.net/anime/5157/Alexander_Senki_Movie,Action;Adventure;Dementia;Historical;Military;Mystery;Shounen;Supernatural,Madhouse
-,ギャラクシーエンジェルS,1,Unknown,PG-13 - Teens 13 or older,-,OVA,Madhouse,6.86,747 ,Ranked #4286,Popularity #9089,2075,https://myanimelist.net/anime/12225/Galaxy_Angel_S,Sci-Fi;Comedy,Madhouse
The Phoenix: Chapter of Yamato,火の鳥・ヤマト編,1,Manga,PG-13 - Teens 13 or older,-,OVA,Madhouse,6.74,818 ,Ranked #4830,Popularity #9093,2074,https://myanimelist.net/anime/2999/Hi_no_Tori__Yamato-hen,Historical;Drama,Madhouse
-,ギャラクシーエンジェル,2,Game,PG-13 - Teens 13 or older,-,Special,Madhouse,6.78,802 ,Ranked #4620,Popularity #9242,1972,https://myanimelist.net/anime/13287/Galaxy_Angel_Specials,Comedy;Sci-Fi,Madhouse
Mokke Special Episodes,もっけ,2,Unknown,PG - Children,-,Special,Madhouse,6.91,751 ,Ranked #4060,Popularity #9278,1942,https://myanimelist.net/anime/4202/Mokke_Specials,Mystery;Slice of Life;Supernatural,Madhouse
-,くちからバズーカ,1,Unknown,PG-13 - Teens 13 or older,-,Special,Madhouse,6.24,786 ,Ranked #7363,Popularity #9386,1861,https://myanimelist.net/anime/1753/Di_Gi_Charat__Kuchi_Kara_Bazooka,Comedy,Madhouse
-,スティッチ！～いたずらエイリアンの大冒険～,29,Other,G - All Ages,Fall 2009,TV,Madhouse,6.14,610 ,Ranked #7848,Popularity #9389,1859,https://myanimelist.net/anime/6899/Stitch__Itazura_Alien_no_Daibouken,Adventure;Comedy;Kids;Sci-Fi,Madhouse
-,YAWARA！ それゆけ腰ぬけキッズ！！,1,Manga,PG-13 - Teens 13 or older,-,Movie,Madhouse,6.27,555 ,Ranked #7224,Popularity #9503,1781,https://myanimelist.net/anime/2008/Yawara__Sore_Yuke_Koshinuke_Kids,Slice of Life;Comedy;Sports;Martial Arts,Madhouse
Spirit Warrior,真・孔雀王,2,Unknown,R+ - Mild Nudity,-,OVA,Madhouse,5.92,557 ,Ranked #8778,Popularity #9536,1759,https://myanimelist.net/anime/3599/Shin_Kujakuou,Action;Demons;Horror,Madhouse
-,48x61 四拾八x六拾壱,1,Unknown,PG-13 - Teens 13 or older,-,ONA,Madhouse,5.28,961 ,Ranked #10640,Popularity #9562,1740,https://myanimelist.net/anime/10979/48x61,Sports;Comedy,Madhouse
-,Di Gi Charat 梅雨スペシャル,2,Unknown,G - All Ages,-,Special,Madhouse,6.45,604 ,Ranked #6282,Popularity #9599,1723,https://myanimelist.net/anime/1758/Di_Gi_Charat_Tsuyu_Specials,Comedy,Madhouse
Twilight of the Cockroaches,ゴキブリたちの黄昏,1,Original,PG-13 - Teens 13 or older,-,Movie,"Madhouse,             Animation Staff Room",5.88,485 ,Ranked #8923,Popularity #9647,1685,https://myanimelist.net/anime/4210/Gokiburi-tachi_no_Tasogare,Drama;Military,Madhouse
-,浮浪雲,1,Manga,R+ - Mild Nudity,-,Movie,"Madhouse,             Toei Animation",6.06,445 ,Ranked #8238,Popularity #9732,1631,https://myanimelist.net/anime/8500/Haguregumo,Comedy;Historical;Samurai;Seinen,Madhouse
Cinnamoroll: The Movie,シナモン the Movie,1,Unknown,G - All Ages,-,Movie,Madhouse,6.36,538 ,Ranked #6748,Popularity #9739,1633,https://myanimelist.net/anime/5848/Cinnamon_the_Movie,Fantasy,Madhouse
-,B[ボンバーマン]ビーダマン爆外伝V[ビクトリー],50,Unknown,PG-13 - Teens 13 or older,Winter 1999,TV,Madhouse,6.35,607 ,Ranked #6772,Popularity #9801,1596,https://myanimelist.net/anime/1673/Bomberman_B-Daman_Bakugaiden_Victory,Sci-Fi;Shounen,Madhouse
-,オズ,2,Manga,R - 17+ (violence & profanity),-,OVA,"Madhouse,             Studio Fantasia",5.47,401 ,Ranked #10202,Popularity #9817,1585,https://myanimelist.net/anime/2785/OZ,Action;Military;Sci-Fi;Drama;Shoujo,Madhouse
-,おとぎ銃士 赤ずきん,1,Original,PG-13 - Teens 13 or older,-,OVA,Madhouse,6.46,575 ,Ranked #6208,Popularity #9819,1579,https://myanimelist.net/anime/402/Otogi_Juushi_Akazukin_OVA,Adventure;Comedy;Magic;Fantasy,Madhouse
The Golden Bird,グリム童話 金の鳥,1,Other,G - All Ages,-,Movie,"Madhouse,             Toei Animation",6.75,495 ,Ranked #4752,Popularity #9894,1540,https://myanimelist.net/anime/3760/Grimm_Douwa__Kin_no_Tori,Adventure;Fantasy,Madhouse
-,セクシーコマンドー外伝 すごいよ!! マサルさん,2,Manga,R - 17+ (violence & profanity),-,Special,Magic Bus,6.46,732 ,Ranked #6217,Popularity #9903,1528,https://myanimelist.net/anime/1012/Sexy_Commando_Gaiden__Sugoi_yo_Masaru-san_Specials,Comedy;Martial Arts;School;Shounen,Madhouse
-,江口寿史のNANTOKA NARUDESHO!,1,Manga,R+ - Mild Nudity,-,OVA,Madhouse,5.02,460 ,Ranked #11120,Popularity #9936,1514,https://myanimelist.net/anime/5554/Eguchi_Hisashi_no_Nantoka_Narudesho,Comedy;Parody;Horror;Supernatural;Shoujo,Madhouse
Manga Fairy Tales of the World,まんが世界昔ばなし,127,Unknown,G - All Ages,Fall 1976,TV,Madhouse,7.04,324 ,Ranked #3586,Popularity #10111,1379,https://myanimelist.net/anime/6262/Manga_Sekai_Mukashibanashi,Adventure;Fantasy;Historical;Drama,Madhouse
The Enemy's the Pirates!: The Cats' Banquet,敵は海賊 ～猫たちの饗宴～,6,Novel,PG-13 - Teens 13 or older,Fall 1989,TV,"Production I.G,             Madhouse",6.18,395 ,Ranked #7638,Popularity #10141,1367,https://myanimelist.net/anime/2679/Teki_wa_Kaizoku__Neko-tachi_no_Kyouen,Sci-Fi;Comedy,Madhouse
-,GALACTIC PATROL　レンズマン,25,Unknown,PG-13 - Teens 13 or older,Fall 1984,TV,Madhouse,6.27,221 ,Ranked #7184,Popularity #10161,1353,https://myanimelist.net/anime/2769/Galactic_Patrol_Lensman,Action;Adventure;Sci-Fi,Madhouse
Marriage,Marriage ～結婚～,2,Visual novel,PG-13 - Teens 13 or older,-,OVA,"Madhouse,             Studio Junio,             DR Movie",5.37,421 ,Ranked #10463,Popularity #10179,1344,https://myanimelist.net/anime/2082/Marriage__Kekkon,Romance;Slice of Life,Madhouse
-,ＶＩＳＩＯＮ,1,Unknown,PG-13 - Teens 13 or older,-,Music,Madhouse,5.55,574 ,Ranked #9989,Popularity #10240,1306,https://myanimelist.net/anime/24139/Tokyo_Babylon__Vision,Music;Supernatural,Madhouse
-,メグミとタイヨウ 果汁グミ Tweet Love Story,1,Original,G - All Ages,-,Special,Madhouse,5.07,394 ,Ranked #11041,Popularity #10255,1300,https://myanimelist.net/anime/25265/Megumi_to_Taiyou__Kajuu_Gummi_Tweet_Love_Story,Romance;Slice of Life,Madhouse
Fairy King,妖精王,1,Manga,R+ - Mild Nudity,-,OVA,Madhouse,5.56,330 ,Ranked #9945,Popularity #10270,1290,https://myanimelist.net/anime/7818/Yousei_Ou,Fantasy;Shoujo,Madhouse
-,宝島メモリアル「夕凪と呼ばれた男」,1,Novel,G - All Ages,-,OVA,Madhouse,6.54,551 ,Ranked #5800,Popularity #10373,1237,https://myanimelist.net/anime/11685/Takarajima_Memorial__Yuunagi_to_Yobareta_Otoko,Adventure;Drama;Historical;Mystery;Supernatural,Madhouse
-,FIRESTORM　ファイアーストーム,26,Original,PG-13 - Teens 13 or older,Spring 2003,TV,Trans Arts,5.58,175 ,Ranked #9884,Popularity #10432,1198,https://myanimelist.net/anime/2382/Firestorm,Action;Military;Sci-Fi;Adventure;Mecha,Madhouse
-,SINGLES,1,Manga,PG-13 - Teens 13 or older,-,OVA,Madhouse,5.53,392 ,Ranked #10045,Popularity #10662,1091,https://myanimelist.net/anime/2101/Singles,Romance;Shoujo,Madhouse
-,マーベル フューチャー・アベンジャーズ 第2期,13,Other,PG - Children,Summer 2018,TV,Madhouse,5.89,219 ,Ranked #8881,Popularity #10700,1091,https://myanimelist.net/anime/37151/Marvel_Future_Avengers_2nd_Season,Action;Super Power;Kids,Madhouse
-,キッスは瞳にして,1,Manga,PG-13 - Teens 13 or older,-,OVA,Madhouse,5.84,342 ,Ranked #9063,Popularity #10744,1053,https://myanimelist.net/anime/2092/Kiss_wa_Hitomi_ni_Shite,Drama;Romance;Shoujo,Madhouse
-,モンスター スペシャルバージョン,2,Manga,R+ - Mild Nudity,-,Special,Madhouse,6.29,269 ,Ranked #7099,Popularity #10806,1049,https://myanimelist.net/anime/39332/Monster_Special_Edition,Drama,Madhouse
-,ジェッターマルス,27,Original,G - All Ages,Winter 1977,TV,Toei Animation,6.18,265 ,Ranked #7674,Popularity #10815,1019,https://myanimelist.net/anime/6087/Jetter_Mars,Action;Drama;Mecha;Sci-Fi,Madhouse
-,風の又三郎,1,Novel,G - All Ages,-,OVA,Madhouse,5.74,384 ,Ranked #9408,Popularity #10827,1015,https://myanimelist.net/anime/12141/Kaze_no_Matasaburou,Slice of Life;Kids;Fantasy,Madhouse
Mirage of Blaze Recap,総集編 霧杳の途,1,Light novel,PG-13 - Teens 13 or older,-,Special,Madhouse,6.18,188 ,Ranked #7670,Popularity #10837,1017,https://myanimelist.net/anime/40104/Honoo_no_Mirage__Muyou_no_Michi,Action;Historical;Supernatural;Drama;Romance;School;Shounen Ai,Madhouse
Stitch vs. Penny,スティッチ！ピーコからの挑戦状,1,Other,PG - Children,-,Special,Madhouse,5.74,346 ,Ranked #9386,Popularity #10862,1005,https://myanimelist.net/anime/8963/Stitch__Piko_Kara_no_Chousenjou,Adventure;Comedy;Kids,Madhouse
-,侍ジャイアンツ,46,Manga,PG-13 - Teens 13 or older,Fall 1973,TV,"Madhouse,             Tokyo Movie Shinsha",6.35,127 ,Ranked #6799,Popularity #10875,995,https://myanimelist.net/anime/9916/Samurai_Giants,Sports,Madhouse
-,POPS,1,Manga,PG-13 - Teens 13 or older,-,OVA,Madhouse,5.40,341 ,Ranked #10375,Popularity #10919,975,https://myanimelist.net/anime/2093/Pops,Romance;Shoujo;Slice of Life,Madhouse
-,アニメ交響詩 ジャングル大帝,1,Manga,G - All Ages,-,OVA,Madhouse,6.49,274 ,Ranked #6048,Popularity #11030,931,https://myanimelist.net/anime/13047/Anime_Koukyoushi__Jungle_Taitei,Adventure;Kids;Shounen,Madhouse
-,よなよなペンギン,1,Unknown,G - All Ages,-,Movie,Madhouse,5.79,314 ,Ranked #9228,Popularity #11086,911,https://myanimelist.net/anime/7314/Yona_Yona_Penguin,Adventure;Fantasy;Kids,Madhouse
-,メグミとタイヨウII 果汁グミ Tweet Mystery 消えたサファイアロマンの謎,1,Original,G - All Ages,-,Special,"Madhouse,             MAPPA",5.04,273 ,Ranked #11099,Popularity #11111,902,https://myanimelist.net/anime/25267/Megumi_to_Taiyou_II__Kajuu_Gummi_Tweet_Mystery_-_Kieta_Sapphire_Roman_no_Nazo,Mystery,Madhouse
-,スウィート・ヴァレリアン,8,Original,G - All Ages,-,Special,Madhouse,5.81,402 ,Ranked #9147,Popularity #11137,892,https://myanimelist.net/anime/3863/Sweet_Valerian_Specials,Comedy;Magic;Shoujo,Madhouse
-,ねずみ物語 ジョージとジェラルドの冒険,1,Picture book,G - All Ages,-,Movie,Madhouse,6.52,323 ,Ranked #5898,Popularity #11194,873,https://myanimelist.net/anime/9789/Nezumi_Monogatari__George_to_Gerald_no_Bouken,Adventure;Kids,Madhouse
The Fashion Boy is Cool,お洒落小僧は花マルッ,1,Manga,PG-13 - Teens 13 or older,-,OVA,Madhouse,5.62,325 ,Ranked #9752,Popularity #11221,864,https://myanimelist.net/anime/2091/Oshare_Kozou_wa_Hanamaru,Romance;Shoujo,Madhouse
-,夏服の少女たち,1,Unknown,PG-13 - Teens 13 or older,-,Special,Madhouse,6.17,217 ,Ranked #7715,Popularity #11242,858,https://myanimelist.net/anime/8896/Natsufuku_no_Shoujo-tachi,Drama;Historical,Madhouse
-,メグミとタイヨウIII 果汁グミ Tweet Fantasy タイムラインワールド,1,Original,G - All Ages,-,Special,"Madhouse,             MAPPA",5.10,264 ,Ranked #11004,Popularity #11375,815,https://myanimelist.net/anime/25491/Megumi_to_Taiyou_III__Kajuu_Gummi_Tweet_Fantasy_-_Timeline_World,Fantasy,Madhouse
-,お江戸はねむれない!,1,Manga,PG-13 - Teens 13 or older,-,OVA,Madhouse,5.56,299 ,Ranked #9934,Popularity #11392,816,https://myanimelist.net/anime/14181/Oedo_wa_Nemurenai,Fantasy;Historical;Drama;Shoujo,Madhouse
-,有閑倶楽部,2,Manga,PG-13 - Teens 13 or older,-,OVA,Madhouse,5.86,239 ,Ranked #8984,Popularity #11395,812,https://myanimelist.net/anime/3778/Yuukan_Club,Mystery;Comedy;School;Shoujo,Madhouse
-,あずきちゃん,1,Manga,G - All Ages,-,Movie,Madhouse,6.10,306 ,Ranked #8031,Popularity #11405,807,https://myanimelist.net/anime/6095/Azuki-chan_the_Movie,Comedy;Romance;Shoujo;Slice of Life,Madhouse
Marco Polo's Adventures,アニメーション紀行 マルコ・ポーロの冒険,43,Original,G - All Ages,Spring 1979,TV,Madhouse,6.17,154 ,Ranked #7688,Popularity #11705,714,https://myanimelist.net/anime/5935/Animation_Kikou__Marco_Polo_no_Bouken,Adventure;Historical,Madhouse
-,宝島　劇場版,1,Novel,PG - Children,-,Movie,Madhouse,6.33,171 ,Ranked #6924,Popularity #11734,708,https://myanimelist.net/anime/21255/Takarajima_Movie,Adventure;Drama;Historical;Mystery;Supernatural,Madhouse
-,幽幻怪社 事件ファイル00 始まりは妖しくも華やかに,1,Original,PG-13 - Teens 13 or older,-,Special,Madhouse,5.64,196 ,Ranked #9706,Popularity #11836,682,https://myanimelist.net/anime/15743/Yuugen_Kaisha__Jiken_File_00_-_Hajimari_wa_Ayashiku_mo_Hanayaka_ni,Adventure;Comedy;Supernatural,Madhouse
Son of Sprout,スティッチ！～いたずらエイリアンの大冒険～ 宇宙一のお兄ちゃん,1,Other,G - All Ages,-,Special,Madhouse,5.78,194 ,Ranked #9239,Popularity #11943,653,https://myanimelist.net/anime/25889/Stitch__Itazura_Alien_no_Daibouken_-_Uchuu_Ichi_no_Oniichan,Adventure;Comedy;Kids;Sci-Fi,Madhouse
Miyazawa Kenji Collection - The Acorns and the Wildcat,宮沢賢治作品集 どんぐりと山猫,1,Unknown,G - All Ages,-,OVA,Madhouse,5.88,163 ,Ranked #8916,Popularity #12061,625,https://myanimelist.net/anime/8451/Donguri_to_Yamaneko,Drama,Madhouse
-,スーパードール★リカちゃん リカちゃん絶体絶命! ドールナイツの奇跡,1,Original,G - All Ages,-,Movie,Madhouse,6.08,152 ,Ranked #8120,Popularity #12085,621,https://myanimelist.net/anime/10199/Super_Doll_Licca-chan__Licca-chan_Zettai_Zetsumei_Doll_Knights_no_Kiseki,Action;Adventure;Super Power;Kids;Magic;Fantasy;Shoujo,Madhouse
-,ヒロシマに一番電車が走った,1,Unknown,G - All Ages,-,Movie,Madhouse,N/A,- ,Ranked #15324,Popularity #12128,609,https://myanimelist.net/anime/7967/Hiroshima_ni_Ichiban_Densha_ga_Hashitta,Historical;Drama,Madhouse
-,風を抜け!,1,Unknown,PG-13 - Teens 13 or older,-,OVA,Madhouse,6.10,131 ,Ranked #8052,Popularity #12466,531,https://myanimelist.net/anime/9748/Kaze_wo_Nuke,Sports,Madhouse
-,絶望粉砕少女∞アミダ,1,Game,PG - Children,-,Music,Madhouse,6.42,234 ,Ranked #6456,Popularity #12768,479,https://myanimelist.net/anime/42156/Zetsubou_Funsai_Shoujo_∞_Amida,Action;Super Power;Drama;Fantasy,Madhouse
-,つる姫じゃ～っ！,49,Unknown,G - All Ages,Winter 1990,TV,Madhouse,N/A,- ,Ranked #13400,Popularity #12947,442,https://myanimelist.net/anime/9175/Tsuruhime_Ja,Kids;Slice of Life;Comedy;Shoujo,Madhouse
-,メイプルストーリー,1,Game,PG - Children,-,Special,Madhouse,5.50,113 ,Ranked #10125,Popularity #13275,391,https://myanimelist.net/anime/28237/MapleStory_Special,Action;Comedy;Kids;Fantasy,Madhouse
-,鬼丸 戦場に駆ける五つの青春,1,Original,PG-13 - Teens 13 or older,-,OVA,Madhouse,N/A,- ,Ranked #12093,Popularity #13894,322,https://myanimelist.net/anime/23819/Onimaru__Senjou_ni_Kakeru_Itsutsu_no_Seishun,Action;Adventure,Madhouse
-,EASY COOKING ANIMATION セイシュンの食卓,25,Unknown,G - All Ages,Summer 1989,TV,Madhouse,N/A,- ,Ranked #14767,Popularity #14208,295,https://myanimelist.net/anime/20201/Easy_Cooking_Animation__Seishun_no_Shokutaku,Comedy,Madhouse
-,ほえろブンブン,1,Unknown,G - All Ages,-,Movie,Madhouse,N/A,- ,Ranked #15341,Popularity #14322,287,https://myanimelist.net/anime/10509/Hoero_Bun_Bun_Movie,Kids,Madhouse
-,かっ飛ばせ! ドリーマーズ -カープ誕生物語-,1,Unknown,None,-,Movie,Madhouse,N/A,- ,Ranked #15822,Popularity #14610,264,https://myanimelist.net/anime/22111/Kattobase_Dreamers__Carp_Tanjou_Monogatari,Sports,Madhouse
-,よりぬきムリョウさん Girls Selection ~学園戦記ムリョウ特別編~,1,Original,PG-13 - Teens 13 or older,-,OVA,Madhouse,N/A,- ,Ranked #14932,Popularity #15634,205,https://myanimelist.net/anime/38174/Gakuen_Senki_Muryou__Yorinuki_Muryou-san_Girls_Selection,Sci-Fi;Adventure;Mecha,Madhouse
Young Alive!: iPS Cells for a New Future,Young Alive! ~iPS細胞がひらく未来~,1,Original,G - All Ages,-,Movie,"Madhouse,             Dynamo Pictures",N/A,- ,Ranked #13839,Popularity #17828,68,https://myanimelist.net/anime/42840/Young_Alive__iPS_Saibou_Ga_Hiraku_Mirai,Slice of Life,Madhouse
"Goodbye, DonGlees!",グッバイ、ドン・グリーズ！,1,Original,None,-,Movie,Madhouse,N/A,- user,Ranked N/A,Popularity #18304,862,https://myanimelist.net/anime/49345/Goodbye_DonGlees,Adventure;Fantasy,Madhouse
