Title_english,Title_japanese,Anime_episodes,Anime_source,Ratings,Season,Type,Studio,score,scored_by,ranked,popularity,members,links,genre
Tokyo Ghoul,東京喰種-トーキョーグール-,12,Manga,R - 17+ (violence & profanity),Summer 2014,TV,Studio Pierrot,7.80,1425513 ,Ranked #845,Popularity #7,2178528,https://myanimelist.net/anime/22319/Tokyo_Ghoul,Horror
Parasyte -the maxim-,寄生獣 セイの格率,24,Manga,R - 17+ (violence & profanity),Fall 2014,TV,Madhouse,8.37,857392 ,Ranked #174,Popularity #41,1419328,https://myanimelist.net/anime/22535/Kiseijuu__Sei_no_Kakuritsu,Horror
Tokyo Ghoul √A,東京喰種√A,12,Manga,R - 17+ (violence & profanity),Winter 2015,TV,Studio Pierrot,7.04,932479 ,Ranked #3553,Popularity #45,1400981,https://myanimelist.net/anime/27899/Tokyo_Ghoul_√A,Horror
The Promised Neverland,約束のネバーランド,12,Manga,R - 17+ (violence & profanity),Winter 2019,TV,CloverWorks,8.60,882775 ,Ranked #68,Popularity #46,1404269,https://myanimelist.net/anime/37779/Yakusoku_no_Neverland,Horror
Another,アナザー,12,Light novel,R - 17+ (violence & profanity),Winter 2012,TV,P.A. Works,7.52,795110 ,Ranked #1545,Popularity #48,1343863,https://myanimelist.net/anime/11111/Another,Horror
Elfen Lied,エルフェンリート,13,Manga,R+ - Mild Nudity,Summer 2004,TV,Arms,7.54,738223 ,Ranked #1480,Popularity #55,1272374,https://myanimelist.net/anime/226/Elfen_Lied,Horror
High School of the Dead,学園黙示録 HIGHSCHOOL OF THE DEAD,12,Manga,R+ - Mild Nudity,Summer 2010,TV,Madhouse,7.11,763528 ,Ranked #3241,Popularity #59,1218234,https://myanimelist.net/anime/8074/Highschool_of_the_Dead,Horror
Deadman Wonderland,デッドマン・ワンダーランド,12,Manga,R - 17+ (violence & profanity),Spring 2011,TV,Manglobe,7.20,571874 ,Ranked #2840,Popularity #89,1026420,https://myanimelist.net/anime/6880/Deadman_Wonderland,Horror
Tokyo Ghoul:re,東京喰種トーキョーグール：re,12,Manga,R - 17+ (violence & profanity),Spring 2018,TV,"Studio Pierrot,             Pierrot Plus",6.44,468287 ,Ranked #6344,Popularity #122,841343,https://myanimelist.net/anime/36511/Tokyo_Ghoul_re,Horror
Devilman: Crybaby,DEVILMAN crybaby,10,Manga,R+ - Mild Nudity,-,ONA,Science SARU,7.81,471528 ,Ranked #825,Popularity #137,792452,https://myanimelist.net/anime/35120/Devilman__Crybaby,Horror
Danganronpa: The Animation,ダンガンロンパ 希望の学園と絶望の高校生 THE ANIMATION,13,Game,R - 17+ (violence & profanity),Summer 2013,TV,Lerche,7.25,436333 ,Ranked #2597,Popularity #143,762742,https://myanimelist.net/anime/16592/Danganronpa__Kibou_no_Gakuen_to_Zetsubou_no_Koukousei_The_Animation,Horror
Hellsing Ultimate,HELLSING OVA,10,Manga,R - 17+ (violence & profanity),-,OVA,"Madhouse,             Satelight,             Graphinica",8.38,371981 ,Ranked #169,Popularity #151,735300,https://myanimelist.net/anime/777/Hellsing_Ultimate,Horror
Monster,モンスター,74,Manga,R+ - Mild Nudity,Spring 2004,TV,Madhouse,8.79,226688 ,Ranked #29,Popularity #158,712358,https://myanimelist.net/anime/19/Monster,Horror
When They Cry,ひぐらしのなく頃に,26,Visual novel,R - 17+ (violence & profanity),Spring 2006,TV,Studio Deen,7.93,324876 ,Ranked #638,Popularity #171,680907,https://myanimelist.net/anime/934/Higurashi_no_Naku_Koro_ni,Horror
From the New World,新世界より,25,Novel,R - 17+ (violence & profanity),Fall 2012,TV,A-1 Pictures,8.33,231876 ,Ranked #208,Popularity #184,659098,https://myanimelist.net/anime/13125/Shinsekai_yori,Horror
Kabaneri of the Iron Fortress,甲鉄城のカバネリ,12,Original,R - 17+ (violence & profanity),Spring 2016,TV,Wit Studio,7.25,340457 ,Ranked #2616,Popularity #196,646980,https://myanimelist.net/anime/28623/Koutetsujou_no_Kabaneri,Horror
AKIRA,AKIRA（アキラ）,1,Manga,R+ - Mild Nudity,-,Movie,Tokyo Movie Shinsha,8.16,380269 ,Ranked #355,Popularity #201,632142,https://myanimelist.net/anime/47/Akira,Horror
Hellsing,Hellsing [ヘルシング],13,Manga,R - 17+ (violence & profanity),Fall 2001,TV,Gonzo,7.49,304323 ,Ranked #1637,Popularity #228,588910,https://myanimelist.net/anime/270/Hellsing,Horror
-,京喰種トーキョーグール：re 第2期,12,Manga,R - 17+ (violence & profanity),Fall 2018,TV,"Studio Pierrot,             Pierrot Plus",6.36,327220 ,Ranked #6731,Popularity #233,587310,https://myanimelist.net/anime/37799/Tokyo_Ghoul_re_2nd_Season,Horror
Sankarea: Undying Love,さんかれあ,12,Manga,R+ - Mild Nudity,Spring 2012,TV,Studio Deen,7.33,259691 ,Ranked #2246,Popularity #298,503072,https://myanimelist.net/anime/11499/Sankarea,Horror
Shiki,屍鬼,22,Manga,R - 17+ (violence & profanity),Summer 2010,TV,Daume,7.77,214307 ,Ranked #904,Popularity #306,496377,https://myanimelist.net/anime/7724/Shiki,Horror
Ajin: Demi-Human,亜人,13,Manga,R - 17+ (violence & profanity),Winter 2016,TV,Polygon Pictures,7.45,236004 ,Ranked #1756,Popularity #315,484242,https://myanimelist.net/anime/31580/Ajin,Horror
Berserk,剣風伝奇ベルセルク,25,Manga,R+ - Mild Nudity,Fall 1997,TV,OLM,8.50,244623 ,Ranked #111,Popularity #323,471399,https://myanimelist.net/anime/33/Kenpuu_Denki_Berserk,Horror
Perfect Blue,パーフェクトブルー,1,Novel,R+ - Mild Nudity,-,Movie,Madhouse,8.50,243770 ,Ranked #107,Popularity #327,463675,https://myanimelist.net/anime/437/Perfect_Blue,Horror
Angels of Death,殺戮の天使,16,Game,R - 17+ (violence & profanity),Summer 2018,TV,J.C.Staff,6.91,196263 ,Ranked #4074,Popularity #333,464170,https://myanimelist.net/anime/35994/Satsuriku_no_Tenshi,Horror
Paprika,パプリカ,1,Novel,R+ - Mild Nudity,-,Movie,Madhouse,8.06,205431 ,Ranked #465,Popularity #381,404837,https://myanimelist.net/anime/1943/Paprika,Horror
School-Live!,がっこうぐらし！,12,Manga,R - 17+ (violence & profanity),Summer 2015,TV,Lerche,7.62,173785 ,Ranked #1244,Popularity #428,366076,https://myanimelist.net/anime/24765/Gakkougurashi,Horror
-,ドロヘドロ,12,Manga,R - 17+ (violence & profanity),Winter 2020,TV,MAPPA,8.09,163441 ,Ranked #430,Popularity #464,346578,https://myanimelist.net/anime/38668/Dorohedoro,Horror
Dusk Maiden of Amnesia,黄昏乙女×アムネジア,12,Manga,R - 17+ (violence & profanity),Spring 2012,TV,SILVER LINK.,7.85,155196 ,Ranked #765,Popularity #469,337257,https://myanimelist.net/anime/12445/Tasogare_Otome_x_Amnesia,Horror
Blood+,ブラッドプラス,50,Original,R - 17+ (violence & profanity),Fall 2005,TV,Production I.G,7.65,133206 ,Ranked #1158,Popularity #478,332548,https://myanimelist.net/anime/150/Blood_,Horror
Corpse Party: Tortured Souls,コープスパーティー Tortured Souls -暴虐された魂の呪叫-,4,Visual novel,R - 17+ (violence & profanity),-,OVA,asread.,6.52,182466 ,Ranked #5930,Popularity #511,310048,https://myanimelist.net/anime/15037/Corpse_Party__Tortured_Souls_-_Bougyakusareta_Tamashii_no_Jukyou,Horror
Hell Girl,地獄少女,26,Original,R - 17+ (violence & profanity),Fall 2005,TV,Studio Deen,7.64,108645 ,Ranked #1207,Popularity #526,303755,https://myanimelist.net/anime/228/Jigoku_Shoujo,Horror
Gantz,ガンツ,13,Manga,R+ - Mild Nudity,Spring 2004,TV,Gonzo,7.03,150401 ,Ranked #3607,Popularity #529,302612,https://myanimelist.net/anime/384/Gantz,Horror
Blood-C,ブラッドシー,12,Manga,R - 17+ (violence & profanity),Summer 2011,TV,Production I.G,6.54,120652 ,Ranked #5813,Popularity #569,283655,https://myanimelist.net/anime/10490/Blood-C,Horror
Danganronpa 3: The End of Hope's Peak High School - Future Arc,ダンガンロンパ3 -The End of 希望ヶ峰学園- 未来編,12,Game,R - 17+ (violence & profanity),Summer 2016,TV,Lerche,7.31,145304 ,Ranked #2307,Popularity #572,284260,https://myanimelist.net/anime/32189/Danganronpa_3__The_End_of_Kibougamine_Gakuen_-_Mirai-hen,Horror
Berserk,ベルセルク,12,Manga,R+ - Mild Nudity,Summer 2016,TV,"Millepensee,             GEMBA",6.33,127330 ,Ranked #6884,Popularity #575,281975,https://myanimelist.net/anime/32379/Berserk,Horror
Danganronpa 3: The End of Hope's Peak High School - Despair Arc,ダンガンロンパ3 -The End of 希望ヶ峰学園- 絶望編,11,Game,R - 17+ (violence & profanity),Summer 2016,TV,Lerche,7.45,135401 ,Ranked #1758,Popularity #656,253512,https://myanimelist.net/anime/33028/Danganronpa_3__The_End_of_Kibougamine_Gakuen_-_Zetsubou-hen,Horror
Mononoke,モノノ怪,12,Original,R - 17+ (violence & profanity),Summer 2007,TV,Toei Animation,8.44,66511 ,Ranked #134,Popularity #678,244500,https://myanimelist.net/anime/2246/Mononoke,Horror
-,亜人 第2クール,13,Manga,R - 17+ (violence & profanity),Fall 2016,TV,Polygon Pictures,7.64,138935 ,Ranked #1192,Popularity #681,244605,https://myanimelist.net/anime/33253/Ajin_2nd_Season,Horror
Attack on Titan: Lost Girls,進撃の巨人 LOST GIRLS,3,Novel,R - 17+ (violence & profanity),-,OVA,Wit Studio,7.79,101631 ,Ranked #874,Popularity #768,219020,https://myanimelist.net/anime/36106/Shingeki_no_Kyojin__Lost_Girls,Horror
-,ハッピーシュガーライフ,12,Manga,R - 17+ (violence & profanity),Summer 2018,TV,Ezόla,6.86,92265 ,Ranked #4288,Popularity #780,216048,https://myanimelist.net/anime/37517/Happy_Sugar_Life,Horror
Ghost Hunt,ゴーストハント,25,Light novel,PG-13 - Teens 13 or older,Fall 2006,TV,J.C.Staff,7.79,87649 ,Ranked #859,Popularity #822,203097,https://myanimelist.net/anime/1571/Ghost_Hunt,Horror
-,東京喰種 トーキョーグール【JACK】,1,Manga,R - 17+ (violence & profanity),-,OVA,Studio Pierrot,7.35,113479 ,Ranked #2168,Popularity #831,200585,https://myanimelist.net/anime/30458/Tokyo_Ghoul__Jack,Horror
Terraformars,TERRA FORMARS [テラフォーマーズ],13,Manga,R - 17+ (violence & profanity),Fall 2014,TV,LIDENFILMS,7.03,97147 ,Ranked #3633,Popularity #856,196524,https://myanimelist.net/anime/22687/Terra_Formars,Horror
The Lost Village,迷家-マヨイガ-,12,Original,R - 17+ (violence & profanity),Spring 2016,TV,Diomedéa,5.52,95683 ,Ranked #10083,Popularity #857,195865,https://myanimelist.net/anime/32438/Mayoiga,Horror
Umineko: When They Cry,うみねこのなく頃に,26,Visual novel,R - 17+ (violence & profanity),Summer 2009,TV,Studio Deen,7.10,79823 ,Ranked #3280,Popularity #874,192855,https://myanimelist.net/anime/4896/Umineko_no_Naku_Koro_ni,Horror
Higurashi: When They Cry – Gou,ひぐらしのなく頃に業,24,Visual novel,R - 17+ (violence & profanity),Fall 2020,TV,Passione,7.21,47038 ,Ranked #2783,Popularity #875,195706,https://myanimelist.net/anime/41006/Higurashi_no_Naku_Koro_ni_Gou,Horror
King's Game,王様ゲーム The Animation,12,Novel,R - 17+ (violence & profanity),Fall 2017,TV,Seven,5.00,91275 ,Ranked #11131,Popularity #879,192989,https://myanimelist.net/anime/36027/Ousama_Game_The_Animation,Horror
Boogiepop and Others,ブギーポップは笑わない,18,Light novel,R - 17+ (violence & profanity),Winter 2019,TV,Madhouse,7.09,48828 ,Ranked #3311,Popularity #920,182712,https://myanimelist.net/anime/37451/Boogiepop_wa_Warawanai_2019,Horror
Magical Girl Site,魔法少女サイト,12,Manga,R - 17+ (violence & profanity),Spring 2018,TV,production doA,6.50,66611 ,Ranked #6042,Popularity #959,174157,https://myanimelist.net/anime/36266/Mahou_Shoujo_Site,Horror
Elfen Lied: In the Passing Rain,エルフェンリート 通り雨にて 或いは、少女はいかにしてその心情に至ったか?（REGENSCHAUER）,1,Manga,R+ - Mild Nudity,-,Special,Arms,7.18,102949 ,Ranked #2928,Popularity #961,172401,https://myanimelist.net/anime/376/Elfen_Lied__Tooriame_nite_Arui_wa_Shoujo_wa_Ikani_Shite_Sono_Shinjou_ni_Itatta_ka_-_Regenschauer,Horror
Berserk: The Golden Age Arc III - The Advent,ベルセルク 黄金時代篇Ⅲ 降臨,1,Manga,R+ - Mild Nudity,-,Movie,Studio 4°C,8.20,108618 ,Ranked #315,Popularity #963,172094,https://myanimelist.net/anime/12115/Berserk__Ougon_Jidai-hen_III_-_Kourin,Horror
-,東京喰種 トーキョーグール【PINTO】,1,Light novel,R - 17+ (violence & profanity),-,OVA,Studio Pierrot,7.24,93230 ,Ranked #2651,Popularity #996,166833,https://myanimelist.net/anime/31297/Tokyo_Ghoul__Pinto,Horror
Berserk: The Golden Age Arc II - The Battle for Doldrey,ベルセルク 黄金時代篇Ⅱ ドルドレイ攻略,1,Manga,R+ - Mild Nudity,-,Movie,Studio 4°C,7.90,107042 ,Ranked #695,Popularity #1004,164266,https://myanimelist.net/anime/12113/Berserk__Ougon_Jidai-hen_II_-_Doldrey_Kouryaku,Horror
Another: The Other,アナザー The Other -因果-,1,Novel,R - 17+ (violence & profanity),-,OVA,P.A. Works,7.30,98518 ,Ranked #2370,Popularity #1008,163775,https://myanimelist.net/anime/11701/Another__The_Other_-_Inga,Horror
Pupa,Pupa (ピューパ),12,Manga,R - 17+ (violence & profanity),Winter 2014,TV,Studio Deen,3.36,82803 ,Ranked #11603,Popularity #1028,160222,https://myanimelist.net/anime/19315/Pupa,Horror
Rin: Daughters of Mnemosyne,Mnemosyne－ムネモシュネの娘たち－,6,Original,R+ - Mild Nudity,Winter 2008,TV,Xebec,7.30,63310 ,Ranked #2391,Popularity #1038,159081,https://myanimelist.net/anime/3342/Mnemosyne__Mnemosyne_no_Musume-tachi,Horror
High-Rise Invasion,天空侵犯,12,Manga,R - 17+ (violence & profanity),-,ONA,Zero-G,6.81,70075 ,Ranked #4506,Popularity #1082,157914,https://myanimelist.net/anime/43690/Tenkuu_Shinpan,Horror
Danganronpa 3: The End of Hope's Peak High School - Hope Arc,ダンガンロンパ３-The End of 希望ヶ峰学園-希望編,1,Game,R - 17+ (violence & profanity),-,Special,Lerche,7.50,85500 ,Ranked #1614,Popularity #1140,146514,https://myanimelist.net/anime/34103/Danganronpa_3__The_End_of_Kibougamine_Gakuen_-_Kibou-hen,Horror
Lunar Legend Tsukihime,真月譚 月姫,12,Visual novel,R - 17+ (violence & profanity),Fall 2003,TV,J.C.Staff,6.88,62161 ,Ranked #4191,Popularity #1162,141915,https://myanimelist.net/anime/169/Shingetsutan_Tsukihime,Horror
Gantz: Second Stage,ガンツ,13,Manga,R+ - Mild Nudity,Summer 2004,TV,Gonzo,7.07,85801 ,Ranked #3396,Popularity #1169,141425,https://myanimelist.net/anime/395/Gantz_2nd_Stage,Horror
Hell Girl: Two Mirrors,地獄少女 二籠,26,Original,R - 17+ (violence & profanity),Fall 2006,TV,Studio Deen,7.92,58473 ,Ranked #672,Popularity #1170,141406,https://myanimelist.net/anime/1594/Jigoku_Shoujo_Futakomori,Horror
Ghost Stories,学校の怪談,19,Original,PG-13 - Teens 13 or older,Fall 2000,TV,Studio Pierrot,7.69,56031 ,Ranked #1071,Popularity #1179,140174,https://myanimelist.net/anime/1281/Gakkou_no_Kaidan,Horror
Vampire Hunter D: Bloodlust,バンパイアハンターD,1,Light novel,R - 17+ (violence & profanity),-,Movie,Madhouse,7.89,72531 ,Ranked #710,Popularity #1202,136566,https://myanimelist.net/anime/543/Vampire_Hunter_D_2000,Horror
Berserk: Season II,ベルセルク,12,Manga,R - 17+ (violence & profanity),Spring 2017,TV,"Millepensee,             GEMBA",6.61,71036 ,Ranked #5440,Popularity #1211,136236,https://myanimelist.net/anime/34055/Berserk_2nd_Season,Horror
Zombie-Loan,ZOMBIE-LOAN ゾンビローン,11,Manga,R - 17+ (violence & profanity),Summer 2007,TV,XEBEC M2,6.87,57676 ,Ranked #4249,Popularity #1270,127923,https://myanimelist.net/anime/2404/Zombie-Loan,Horror
Deadman Wonderland: The Red Knife Wielder,デッドマン・ワンダーランド 赤いナイフ使い,1,Manga,R - 17+ (violence & profanity),-,OVA,Manglobe,6.96,69803 ,Ranked #3870,Popularity #1318,121623,https://myanimelist.net/anime/10418/Deadman_Wonderland__Akai_Knife_Tsukai,Horror
-,コープスパーティー Missing Footage,1,Visual novel,R+ - Mild Nudity,-,OVA,asread.,6.04,64842 ,Ranked #8324,Popularity #1327,120759,https://myanimelist.net/anime/13807/Corpse_Party__Missing_Footage,Horror
Psychic Detective Yakumo,心霊探偵 八雲,13,Novel,PG-13 - Teens 13 or older,Fall 2010,TV,Bee Train,7.33,49539 ,Ranked #2249,Popularity #1347,118530,https://myanimelist.net/anime/7662/Shinrei_Tantei_Yakumo,Horror
Zetman,ゼットマン,13,Manga,R+ - Mild Nudity,Spring 2012,TV,TMS Entertainment,6.87,53317 ,Ranked #4248,Popularity #1363,116374,https://myanimelist.net/anime/11837/Zetman,Horror
Corpse Princess: Aka,屍姫 赫,13,Manga,R - 17+ (violence & profanity),Fall 2008,TV,"Gainax,             feel.",7.23,39559 ,Ranked #2704,Popularity #1425,109439,https://myanimelist.net/anime/4581/Shikabane_Hime__Aka,Horror
Ninja Scroll,獣兵衛忍風帖,1,Original,R+ - Mild Nudity,-,Movie,Madhouse,7.61,56961 ,Ranked #1259,Popularity #1428,109239,https://myanimelist.net/anime/617/Juubee_Ninpuuchou,Horror
The Junji Ito Collection,伊藤潤二「コレクション」,12,Manga,R - 17+ (violence & profanity),Winter 2018,TV,Studio Deen,6.23,45180 ,Ranked #7404,Popularity #1433,109962,https://myanimelist.net/anime/36124/Itou_Junji__Collection,Horror
Boogiepop Phantom,ブギーポップは笑わない Boogiepop Phantom,12,Light novel,R+ - Mild Nudity,Winter 2000,TV,Madhouse,7.16,25707 ,Ranked #3015,Popularity #1516,101835,https://myanimelist.net/anime/369/Boogiepop_wa_Warawanai,Horror
Blood: The Last Vampire,BLOOD THE LAST VAMPIRE (ブラッド ザ ラスト ヴァンパイア),1,Original,R - 17+ (violence & profanity),-,Movie,Production I.G,6.90,53232 ,Ranked #4108,Popularity #1596,95949,https://myanimelist.net/anime/405/Blood__The_Last_Vampire,Horror
-,さんかれあ,2,Manga,R+ - Mild Nudity,-,OVA,Studio Deen,7.23,52379 ,Ranked #2701,Popularity #1602,95410,https://myanimelist.net/anime/13055/Sankarea_OVA,Horror
Kabaneri of the Iron Fortress: The Battle of Unato,甲鉄城のカバネリ～海門決戦～,1,Original,R - 17+ (violence & profanity),-,Movie,Wit Studio,7.70,40915 ,Ranked #1061,Popularity #1673,90368,https://myanimelist.net/anime/34544/Koutetsujou_no_Kabaneri_Movie_3__Unato_Kessen,Horror
-,MEMORIES（メモリーズ）,3,Manga,PG-13 - Teens 13 or older,-,Movie,"Madhouse,             Studio 4°C",7.73,33210 ,Ranked #981,Popularity #1699,87729,https://myanimelist.net/anime/1462/Memories,Horror
JoJo's Bizarre Adventure,ジョジョの奇妙な冒険,6,Manga,R - 17+ (violence & profanity),-,OVA,APPP,7.36,36599 ,Ranked #2122,Popularity #1701,87573,https://myanimelist.net/anime/666/JoJo_no_Kimyou_na_Bouken,Horror
Kurozuka,黒塚,12,Manga,R - 17+ (violence & profanity),Fall 2008,TV,Madhouse,6.91,28295 ,Ranked #4058,Popularity #1736,85176,https://myanimelist.net/anime/5039/Kurozuka,Horror
Yamishibai: Japanese Ghost Stories,闇芝居,13,Original,PG-13 - Teens 13 or older,Summer 2013,TV,ILCA,7.03,37610 ,Ranked #3639,Popularity #1741,84762,https://myanimelist.net/anime/19383/Yami_Shibai,Horror
-,スーパーダンガンロンパ2.5 狛枝凪斗と世界の破壊者,1,Original,R - 17+ (violence & profanity),-,OVA,Lerche,7.18,42027 ,Ranked #2911,Popularity #1800,81175,https://myanimelist.net/anime/34152/Super_Danganronpa_25__Komaeda_Nagito_to_Sekai_no_Hakaimono,Horror
Blood-C: The Last Dark,劇場版 ブラッドシー ザ ラスト ダーク,1,Original,R+ - Mild Nudity,-,Movie,Production I.G,7.18,39899 ,Ranked #2918,Popularity #1808,80021,https://myanimelist.net/anime/10681/Blood-C__The_Last_Dark,Horror
-,HELLSING THE DAWN,3,Manga,R - 17+ (violence & profanity),-,Special,Graphinica,7.18,34169 ,Ranked #2931,Popularity #1820,79158,https://myanimelist.net/anime/11077/Hellsing__The_Dawn,Horror
-,テラフォーマーズ リベンジ,13,Manga,R - 17+ (violence & profanity),Spring 2016,TV,"TYO Animations,             LIDENFILMS",6.71,39285 ,Ranked #4969,Popularity #1824,79110,https://myanimelist.net/anime/31430/Terra_Formars__Revenge,Horror
-,GANTZ:O,1,Manga,R+ - Mild Nudity,-,Movie,Digital Frontier,7.44,46420 ,Ranked #1813,Popularity #1845,78093,https://myanimelist.net/anime/32071/Gantz_O,Horror
"Sankarea: I, Too, Am... A Zombie...",さんかれあ 吾輩も... ゾンビである...,1,Manga,R+ - Mild Nudity,-,Special,Studio Deen,7.24,41463 ,Ranked #2644,Popularity #1905,73494,https://myanimelist.net/anime/16694/Sankarea__Wagahai_mo_Zombie_de_Aru,Horror
Tokyo Majin,東京魔人學園剣風帖　龖（トウ）,14,Game,R - 17+ (violence & profanity),Winter 2007,TV,"AIC Spirits,             BeSTACK",7.12,23205 ,Ranked #3192,Popularity #1909,73164,https://myanimelist.net/anime/1860/Tokyo_Majin_Gakuen_Kenpucho__Tou,Horror
Princess Resurrection,怪物王女,25,Manga,PG-13 - Teens 13 or older,Spring 2007,TV,Madhouse,7.00,24316 ,Ranked #3741,Popularity #1948,70375,https://myanimelist.net/anime/2130/Kaibutsu_Oujo,Horror
Corpse Princess: Kuro,屍姫 玄,12,Manga,R - 17+ (violence & profanity),Winter 2009,TV,"Gainax,             feel.",7.30,29656 ,Ranked #2360,Popularity #1954,69872,https://myanimelist.net/anime/5034/Shikabane_Hime__Kuro,Horror
Blue Gender,BLUE GENDER,26,Original,R+ - Mild Nudity,Fall 1999,TV,AIC,7.05,25654 ,Ranked #3494,Popularity #1977,68719,https://myanimelist.net/anime/58/Blue_Gender,Horror
Dusk Maiden of Amnesia: Ghost Girl,黄昏乙女×アムネジア 退魔乙女,1,Manga,R - 17+ (violence & profanity),-,Special,SILVER LINK.,7.50,38463 ,Ranked #1607,Popularity #1982,68430,https://myanimelist.net/anime/14189/Tasogare_Otome_x_Amnesia__Taima_Otome,Horror
Vampire Hunter D,吸血鬼〈バンパイア〉ハンターD,1,Light novel,R+ - Mild Nudity,-,Movie,Production Reed,7.07,38196 ,Ranked #3431,Popularity #1996,67893,https://myanimelist.net/anime/732/Vampire_Hunter_D,Horror
Okamikakushi: Masque of the Wolf,おおかみかくし,12,Visual novel,PG-13 - Teens 13 or older,Winter 2010,TV,AIC,6.33,27844 ,Ranked #6914,Popularity #1998,67823,https://myanimelist.net/anime/7079/Ookamikakushi,Horror
-,ケモノヅメ,13,Original,R+ - Mild Nudity,Summer 2006,TV,Madhouse,7.38,16155 ,Ranked #2039,Popularity #2108,63013,https://myanimelist.net/anime/1454/Kemonozume,Horror
JoJo's Bizarre Adventure,ジョジョの奇妙な冒険 ADVENTURE,7,Manga,R+ - Mild Nudity,-,OVA,APPP,7.19,26783 ,Ranked #2880,Popularity #2109,63000,https://myanimelist.net/anime/665/JoJo_no_Kimyou_na_Bouken__Adventure,Horror
Shiki Specials,屍鬼,2,Light novel,R - 17+ (violence & profanity),-,Special,Daume,7.80,35247 ,Ranked #843,Popularity #2129,62084,https://myanimelist.net/anime/10083/Shiki_Specials,Horror
Le Portrait de Petit Cossette,コゼットの肖像,3,Original,R - 17+ (violence & profanity),-,OVA,Daume,6.83,25482 ,Ranked #4392,Popularity #2147,61596,https://myanimelist.net/anime/514/Cossette_no_Shouzou,Horror
-,怪～ayakashi～ Japanese Classic Horror,11,Other,R - 17+ (violence & profanity),Winter 2006,TV,Toei Animation,7.43,21045 ,Ranked #1828,Popularity #2167,60843,https://myanimelist.net/anime/586/Ayakashi__Japanese_Classic_Horror,Horror
-,ひぐらしのなく頃に拡〜アウトブレイク〜,1,Visual novel,R - 17+ (violence & profanity),-,OVA,Studio Deen,7.22,28880 ,Ranked #2752,Popularity #2173,60306,https://myanimelist.net/anime/16700/Higurashi_no_Naku_Koro_ni_Kaku__Outbreak,Horror
-,ジビエート,12,Original,R - 17+ (violence & profanity),Summer 2020,TV,"Studio elle,             l-a-unch・BOX",3.83,12941 ,Ranked #11577,Popularity #2241,57088,https://myanimelist.net/anime/40074/Gibiate,Horror
Mars of Destruction,破滅のマルス,1,Visual novel,R - 17+ (violence & profanity),-,OVA,WAO World,2.23,40423 ,Ranked #11631,Popularity #2249,56607,https://myanimelist.net/anime/413/Hametsu_no_Mars,Horror
"Ceres, Celestial Legend",妖しのセレス,24,Manga,R - 17+ (violence & profanity),Spring 2000,TV,Studio Pierrot,7.22,24208 ,Ranked #2736,Popularity #2294,55038,https://myanimelist.net/anime/104/Ayashi_no_Ceres,Horror
Pet Shop of Horrors,Pet Shop of Horrors (ペットショップ・オブ・ホラーズ),4,Manga,R - 17+ (violence & profanity),Winter 1999,TV,Madhouse,7.26,26754 ,Ranked #2548,Popularity #2300,54859,https://myanimelist.net/anime/326/Petshop_of_Horrors,Horror
Higurashi: When They Cry – SOTSU,ひぐらしのなく頃に卒,15,Visual novel,R - 17+ (violence & profanity),Summer 2021,TV,Passione,8.03,4803 ,Ranked #510,Popularity #2340,53138,https://myanimelist.net/anime/48488/Higurashi_no_Naku_Koro_ni_Sotsu,Horror
JoJo's Bizarre Adventure: Phantom Blood,ジョジョの奇妙な冒険 ファントム ブラッド,1,Manga,R - 17+ (violence & profanity),-,Movie,APPP,7.71,20795 ,Ranked #1018,Popularity #2358,52552,https://myanimelist.net/anime/3603/JoJo_no_Kimyou_na_Bouken__Phantom_Blood,Horror
GYO: Tokyo Fish Attack!,ギョ,1,Manga,R+ - Mild Nudity,-,Movie,ufotable,5.41,26397 ,Ranked #10343,Popularity #2413,50486,https://myanimelist.net/anime/10417/Gyo,Horror
Descendants of Darkness,闇の末裔,13,Manga,R - 17+ (violence & profanity),Fall 2000,TV,J.C.Staff,7.05,21665 ,Ranked #3539,Popularity #2435,49512,https://myanimelist.net/anime/553/Yami_no_Matsuei,Horror
Hell Girl: Fourth Twilight,地獄少女 宵伽,6,Original,R - 17+ (violence & profanity),Summer 2017,TV,Studio Deen,6.56,14887 ,Ranked #5732,Popularity #2471,48397,https://myanimelist.net/anime/34966/Jigoku_Shoujo__Yoi_no_Togi,Horror
Uzumaki: Spiral into Horror,うずまき,4,Manga,None,Fall 2022,TV,Drive,N/A,- user,Ranked N/A,Popularity #2648,43192,https://myanimelist.net/anime/40333/Uzumaki,Horror
Midori,地下幻燈劇画 少女椿,1,Manga,R+ - Mild Nudity,-,Movie,Mippei Eigeki Kiryuukan,4.97,21192 ,Ranked #11156,Popularity #2668,41443,https://myanimelist.net/anime/2981/Chika_Gentou_Gekiga__Shoujo_Tsubaki,Horror
Tokko,TOKKÔ[特公],13,Manga,R - 17+ (violence & profanity),Spring 2006,TV,"AIC Spirits,             Group TAC",6.57,19409 ,Ranked #5677,Popularity #2679,41145,https://myanimelist.net/anime/916/Tokkou,Horror
-,亜人,2,Manga,R - 17+ (violence & profanity),-,OVA,Polygon Pictures,7.22,15604 ,Ranked #2733,Popularity #2707,40427,https://myanimelist.net/anime/32015/Ajin_OVA,Horror
Ajin: Demi-Human Movie 1: Compel,亜人　第１部「衝動」,1,Manga,R - 17+ (violence & profanity),-,Movie,Polygon Pictures,7.49,14533 ,Ranked #1626,Popularity #2717,40042,https://myanimelist.net/anime/30868/Ajin_Part_1__Shoudou,Horror
Yamishibai: Japanese Ghost Stories 2,闇芝居 2期,13,Original,PG-13 - Teens 13 or older,Summer 2014,TV,ILCA,6.50,22929 ,Ranked #6017,Popularity #2731,39979,https://myanimelist.net/anime/22537/Yami_Shibai_2,Horror
-,HELLSING I OVA DIGEST FOR FREAKS,1,Manga,R - 17+ (violence & profanity),-,OVA,Satelight,7.66,12473 ,Ranked #1150,Popularity #2848,36744,https://myanimelist.net/anime/6904/Hellsing__Digest_for_Freaks,Horror
Wicked City,妖獣都市,1,Novel,R+ - Mild Nudity,-,Movie,Madhouse,6.45,14937 ,Ranked #6318,Popularity #2861,36585,https://myanimelist.net/anime/1107/Youjuu_Toshi,Horror
Ninja Scroll: The Series,獣兵衛忍風帖「龍宝玉篇」,13,Original,R - 17+ (violence & profanity),Spring 2003,TV,Madhouse,6.69,15174 ,Ranked #5051,Popularity #2901,35445,https://myanimelist.net/anime/618/Juubee_Ninpuuchou__Ryuuhougyoku-hen,Horror
-,甲鉄城のカバネリ 総集編｛前編｝集う光,1,Original,R - 17+ (violence & profanity),-,Movie,Wit Studio,7.50,9948 ,Ranked #1622,Popularity #2937,35061,https://myanimelist.net/anime/33519/Koutetsujou_no_Kabaneri_Movie_1__Tsudou_Hikari,Horror
-,甲鉄城のカバネリ 総集編｛後編｝燃える命,1,Original,R - 17+ (violence & profanity),-,Movie,Wit Studio,7.49,9478 ,Ranked #1643,Popularity #2954,34732,https://myanimelist.net/anime/33520/Koutetsujou_no_Kabaneri_Movie_2__Moeru_Inochi,Horror
Kakurenbo: Hide & Seek,カクレンボ,1,Original,PG-13 - Teens 13 or older,-,Movie,Yamato Works,6.73,17854 ,Ranked #4862,Popularity #2981,33740,https://myanimelist.net/anime/1192/Kakurenbo,Horror
-,ドロヘドロ 魔のおまけ,6,Manga,R+ - Mild Nudity,-,Special,MAPPA,7.11,16257 ,Ranked #3236,Popularity #2994,33823,https://myanimelist.net/anime/41053/Dorohedoro__Ma_no_Omake,Horror
Vampire Princess Miyu,吸血姫美夕,26,Manga,R - 17+ (violence & profanity),Fall 1997,TV,AIC,7.14,9740 ,Ranked #3135,Popularity #2995,33322,https://myanimelist.net/anime/690/Kyuuketsuhime_Miyu_TV,Horror
-,テラフォーマーズ　バグズ２号編,2,Manga,R - 17+ (violence & profanity),-,OVA,LIDENFILMS,7.19,18005 ,Ranked #2897,Popularity #3018,33033,https://myanimelist.net/anime/22689/Terra_Formars__Bugs_2-hen,Horror
X - The Movie,"エックス, X/1999",1,Manga,R - 17+ (violence & profanity),-,Movie,Madhouse,6.58,16778 ,Ranked #5590,Popularity #3048,32471,https://myanimelist.net/anime/155/X_1999,Horror
-,東京魔人學園剣風帖　龖（トウ） 第弐幕,12,Game,R - 17+ (violence & profanity),Summer 2007,TV,"AIC Spirits,             BeSTACK",7.25,12662 ,Ranked #2634,Popularity #3068,32235,https://myanimelist.net/anime/2683/Tokyo_Majin_Gakuen_Kenpucho__Tou_Dai_Ni_Maku,Horror
Requiem from the Darkness,京極夏彦　巷説百物語,13,Novel,R - 17+ (violence & profanity),Fall 2003,TV,TMS Entertainment,7.14,8128 ,Ranked #3134,Popularity #3083,31891,https://myanimelist.net/anime/279/Kyougoku_Natsuhiko__Kousetsu_Hyaku_Monogatari,Horror
-,バイオハザード ディジェネレーション,1,Game,R - 17+ (violence & profanity),-,Movie,Digital Frontier,7.02,21593 ,Ranked #3659,Popularity #3091,31702,https://myanimelist.net/anime/3446/Biohazard__Degeneration,Horror
-,こわぼん,13,Original,PG-13 - Teens 13 or older,Fall 2015,TV,ILCA,5.23,11232 ,Ranked #10748,Popularity #3119,31221,https://myanimelist.net/anime/30948/Kowabon,Horror
Yamishibai: Japanese Ghost Stories 3,闇芝居 3期,13,Original,PG-13 - Teens 13 or older,Winter 2016,TV,ILCA,6.30,16298 ,Ranked #7048,Popularity #3175,30128,https://myanimelist.net/anime/31994/Yami_Shibai_3,Horror
Kagewani,影鰐-KAGEWANI-,13,Original,R - 17+ (violence & profanity),Fall 2015,TV,Tomovies,6.41,11092 ,Ranked #6509,Popularity #3192,29659,https://myanimelist.net/anime/30524/Kagewani,Horror
-,エイリアン9,4,Manga,R - 17+ (violence & profanity),-,OVA,J.C.Staff,6.69,12505 ,Ranked #5025,Popularity #3202,29478,https://myanimelist.net/anime/1177/Alien_9,Horror
-,スーパーナチュラル・ザ・アニメーション,22,Other,R - 17+ (violence & profanity),-,OVA,Madhouse,7.01,7895 ,Ranked #3713,Popularity #3258,28615,https://myanimelist.net/anime/8986/Supernatural_The_Animation,Horror
-,ジェノサイバー,5,Manga,R - 17+ (violence & profanity),-,OVA,Artmic,5.82,8989 ,Ranked #9105,Popularity #3295,27968,https://myanimelist.net/anime/2775/Genocyber,Horror
Zombie-Loan,ZOMBIE-LOAN ゾンビローン,2,Manga,PG-13 - Teens 13 or older,-,Special,Xebec,7.04,14332 ,Ranked #3558,Popularity #3364,26906,https://myanimelist.net/anime/3354/Zombie-Loan_Specials,Horror
-,アヤカシ,12,Visual novel,R - 17+ (violence & profanity),Winter 2008,TV,Tokyo Kids,6.35,11236 ,Ranked #6769,Popularity #3368,26834,https://myanimelist.net/anime/3166/Ayakashi,Horror
Neo Tokyo,Manie-Manie 迷宮物語,3,Original,PG-13 - Teens 13 or older,-,Movie,Madhouse,7.05,9542 ,Ranked #3513,Popularity #3477,25247,https://myanimelist.net/anime/1951/Manie-Manie__Meikyuu_Monogatari,Horror
Blue Seed,ブルーシード,26,Manga,PG-13 - Teens 13 or older,Fall 1994,TV,"Production I.G,             Production Reed",7.02,8790 ,Ranked #3660,Popularity #3478,25207,https://myanimelist.net/anime/998/Blue_Seed,Horror
-,"ヘルズ, (ヘルズエンジェルス)",1,Manga,PG-13 - Teens 13 or older,-,Movie,Madhouse,6.91,8496 ,Ranked #4053,Popularity #3520,24477,https://myanimelist.net/anime/4983/Hells,Horror
Blade,ブレイド,12,Other,R - 17+ (violence & profanity),Summer 2011,TV,Madhouse,6.23,9549 ,Ranked #7384,Popularity #3536,24262,https://myanimelist.net/anime/6920/Blade,Horror
3x3 Eyes,3×3EYES,4,Manga,R - 17+ (violence & profanity),-,OVA,Toei Animation,6.75,10668 ,Ranked #4742,Popularity #3577,23770,https://myanimelist.net/anime/300/3x3_Eyes,Horror
Devilman: The Birth,デビルマン 誕生編,1,Manga,R+ - Mild Nudity,-,OVA,Oh! Production,7.15,12732 ,Ranked #3051,Popularity #3587,23650,https://myanimelist.net/anime/2354/Devilman__Tanjou-hen,Horror
-,デビルマン,39,Manga,R - 17+ (violence & profanity),Summer 1972,TV,Toei Animation,6.46,4958 ,Ranked #6240,Popularity #3601,23545,https://myanimelist.net/anime/2252/Devilman,Horror
Mermaid Forest,高橋留美子劇場 人魚の森,13,Manga,R - 17+ (violence & profanity),Fall 2003,TV,TMS Entertainment,7.05,7864 ,Ranked #3533,Popularity #3636,23153,https://myanimelist.net/anime/620/Takahashi_Rumiko_Gekijou_Ningyo_no_Mori,Horror
Ajin: Demi-Human Movie 2: Confront,亜人　第２部「衝突」,1,Manga,R - 17+ (violence & profanity),-,Movie,Polygon Pictures,7.26,4651 ,Ranked #2564,Popularity #3644,23109,https://myanimelist.net/anime/30869/Ajin_Part_2__Shoutotsu,Horror
SoulTaker,The SoulTaker～魂狩～,13,Original,PG-13 - Teens 13 or older,Spring 2001,TV,Tatsunoko Production,6.37,6645 ,Ranked #6717,Popularity #3648,22918,https://myanimelist.net/anime/1048/The_SoulTaker__Tamashii-gari,Horror
Yamishibai: Japanese Ghost Stories 4,闇芝居 4期,13,Original,PG-13 - Teens 13 or older,Winter 2017,TV,ILCA,5.75,11545 ,Ranked #9373,Popularity #3668,22936,https://myanimelist.net/anime/34467/Yami_Shibai_4,Horror
-,富江,2,Manga,R - 17+ (violence & profanity),-,Special,Studio Deen,6.00,8297 ,Ranked #8478,Popularity #3738,22057,https://myanimelist.net/anime/36992/Tomie,Horror
-,バイオハザード ダムネーション,1,Game,R - 17+ (violence & profanity),-,Movie,Digital Frontier,7.18,13545 ,Ranked #2917,Popularity #3743,21727,https://myanimelist.net/anime/9544/Biohazard__Damnation,Horror
Ajin: Demi-Human Movie 3: Collide,亜人 第3部「衝戟」,1,Manga,R - 17+ (violence & profanity),-,Movie,Polygon Pictures,7.27,3976 ,Ranked #2491,Popularity #3766,21564,https://myanimelist.net/anime/30870/Ajin_Part_3__Shougeki,Horror
-,見える子ちゃん,Unknown,Manga,None,Fall 2021,TV,Passione,N/A,- user,Ranked N/A,Popularity #3827,30166,https://myanimelist.net/anime/48483/Mieruko-chan,Horror
-,冤罪,2,Visual novel,Rx - Hentai,-,OVA,-,5.23,10906 ,Ranked N/A,Popularity #3852,20466,https://myanimelist.net/anime/724/Enzai,Horror
The World YAMIZUKAN,世界の闇図鑑,13,Original,PG - Children,Spring 2017,TV,ILCA,4.68,5986 ,Ranked #11385,Popularity #3868,20308,https://myanimelist.net/anime/35069/Sekai_no_Yami_Zukan,Horror
Yamishibai: Japanese Ghost Stories 5,闇芝居 5期,13,Original,PG-13 - Teens 13 or older,Summer 2017,TV,ILCA,6.30,9390 ,Ranked #7049,Popularity #3879,20309,https://myanimelist.net/anime/35714/Yami_Shibai_5,Horror
The Devil Lady,デビルマンレディー,26,Manga,R+ - Mild Nudity,Fall 1998,TV,TMS Entertainment,6.64,4680 ,Ranked #5309,Popularity #3898,19822,https://myanimelist.net/anime/1629/Devilman_Lady,Horror
Demon Prince Enma,鬼公子　炎魔,4,Manga,R+ - Mild Nudity,-,OVA,Brain's Base,7.12,6377 ,Ranked #3211,Popularity #4038,18277,https://myanimelist.net/anime/1556/Kikoushi_Enma,Horror
-,AMON デビルマン黙示録,1,Manga,R+ - Mild Nudity,-,OVA,Studio Live,6.46,9120 ,Ranked #6231,Popularity #4063,18073,https://myanimelist.net/anime/2356/Amon__Devilman_Mokushiroku,Horror
Vampire Princess Miyu,吸血姫美夕,4,Manga,PG-13 - Teens 13 or older,-,OVA,AIC,6.98,6949 ,Ranked #3802,Popularity #4083,17856,https://myanimelist.net/anime/1384/Kyuuketsuhime_Miyu,Horror
Aooni The Blue Monster,あおおに ～じ・あにめぇしょん～,13,Game,R - 17+ (violence & profanity),Fall 2016,TV,Studio Deen,5.12,8422 ,Ranked #10955,Popularity #4097,17792,https://myanimelist.net/anime/33814/Ao_Oni_The_Animation,Horror
Devilman: The Demon Bird,デビルマン 妖鳥シレーヌ編,1,Manga,R+ - Mild Nudity,-,OVA,Oh! Production,7.03,10020 ,Ranked #3601,Popularity #4098,17732,https://myanimelist.net/anime/2355/Devilman__Yochou_Sirene-hen,Horror
Nightwalker: The Midnight Detective,Night Walker -真夜中の探偵-,12,Visual novel,R+ - Mild Nudity,Summer 1998,TV,AIC,6.94,6180 ,Ranked #3928,Popularity #4160,17099,https://myanimelist.net/anime/621/Night_Walker__Mayonaka_no_Tantei,Horror
The Melody of Oblivion,忘却の旋律,24,Manga,PG-13 - Teens 13 or older,Spring 2004,TV,"Gainax,             J.C.Staff",6.34,5222 ,Ranked #6848,Popularity #4168,16994,https://myanimelist.net/anime/159/Boukyaku_no_Senritsu,Horror
Kagewani -II-,影鰐-KAGEWANI-承,13,Original,R - 17+ (violence & profanity),Spring 2016,TV,Tomovies,6.44,7065 ,Ranked #6373,Popularity #4193,16775,https://myanimelist.net/anime/32682/Kagewani__Shou,Horror
Resident Evil: Vendetta,バイオハザード ヴェンデッタ,1,Game,R - 17+ (violence & profanity),-,Movie,Marza Animation Planet,7.03,8789 ,Ranked #3594,Popularity #4227,17116,https://myanimelist.net/anime/31853/Biohazard__Vendetta,Horror
Demon City Shinjuku,魔界都市〈新宿〉,1,Novel,R - 17+ (violence & profanity),-,OVA,Madhouse,6.16,7314 ,Ranked #7785,Popularity #4230,16499,https://myanimelist.net/anime/499/Makai_Toshi_Shinjuku,Horror
-,地獄先生ぬ～べ～,49,Manga,PG-13 - Teens 13 or older,Spring 1996,TV,Toei Animation,7.54,4727 ,Ranked #1491,Popularity #4255,16271,https://myanimelist.net/anime/2012/Jigoku_Sensei_Nube,Horror
Yamishibai: Japanese Ghost Stories 6,闇芝居 6期,13,Original,PG-13 - Teens 13 or older,Summer 2018,TV,ILCA,6.15,6956 ,Ranked #7837,Popularity #4320,15861,https://myanimelist.net/anime/37893/Yami_Shibai_6,Horror
-,羊のうた,4,Manga,R - 17+ (violence & profanity),-,OVA,Madhouse,6.20,5918 ,Ranked #7563,Popularity #4333,15507,https://myanimelist.net/anime/258/Hitsuji_no_Uta,Horror
-,『BLOOD-C』特別編集ver,2,Unknown,R - 17+ (violence & profanity),-,Special,Production I.G,6.73,3737 ,Ranked #4849,Popularity #4334,15483,https://myanimelist.net/anime/14117/Blood-C__Special_Edition,Horror
The Island of Giant Insects Movie,劇場版 巨蟲列島,1,Manga,R+ - Mild Nudity,-,Movie,Passione,4.59,6998 ,Ranked #11443,Popularity #4365,15310,https://myanimelist.net/anime/40332/Kyochuu_Rettou_Movie,Horror
-,ハイランダー,1,Unknown,R - 17+ (violence & profanity),-,Movie,Madhouse,6.74,7610 ,Ranked #4832,Popularity #4382,15033,https://myanimelist.net/anime/2178/Highlander__The_Search_for_Vengeance,Horror
-,アークザラッド,26,Game,R - 17+ (violence & profanity),Spring 1999,TV,Bee Train,6.52,5055 ,Ranked #5922,Popularity #4431,14536,https://myanimelist.net/anime/55/Arc_the_Lad,Horror
-,怪談レストラン,23,Picture book,PG - Children,Fall 2009,TV,Toei Animation,7.27,4088 ,Ranked #2511,Popularity #4467,14256,https://myanimelist.net/anime/6980/Kaidan_Restaurant,Horror
Yamishibai: Japanese Ghost Stories 7,闇芝居 7期,13,Original,PG-13 - Teens 13 or older,Summer 2019,TV,"ILCA,             DRAWIZ",5.95,5844 ,Ranked #8704,Popularity #4486,14313,https://myanimelist.net/anime/39836/Yami_Shibai_7,Horror
"Corpse Princess: Kuro - Even So, As a Person",屍姫 玄 それでも、人として,1,Manga,R - 17+ (violence & profanity),-,Special,Gainax,6.99,5513 ,Ranked #3763,Popularity #4516,13887,https://myanimelist.net/anime/6344/Shikabane_Hime__Kuro_–_Soredemo_Hito_to_Shite,Horror
AD Police Files,ADポリス,3,Original,R+ - Mild Nudity,-,OVA,"AIC,             Artmic",6.27,5206 ,Ranked #7175,Popularity #4543,13754,https://myanimelist.net/anime/1346/AD_Police,Horror
The Island of Giant Insects,巨蟲列島,1,Manga,R+ - Mild Nudity,-,OVA,Passione,4.43,5383 ,Ranked #11496,Popularity #4563,13707,https://myanimelist.net/anime/38915/Kyochuu_Rettou,Horror
-,忍者コレクション,13,Original,PG-13 - Teens 13 or older,Summer 2020,TV,"ILCA,             DRAWIZ,             Toho Interactive Animation",3.83,2774 ,Ranked #11576,Popularity #4576,13578,https://myanimelist.net/anime/42260/Ninja_Collection,Horror
Berserk: Recollections of the Witch,ベルセルク 魔女の追想,1,Manga,R - 17+ (violence & profanity),-,Special,"Millepensee,             GEMBA",5.81,5981 ,Ranked #9119,Popularity #4632,13079,https://myanimelist.net/anime/35676/Berserk__Majo_no_Tsuisou,Horror
3x3 Eyes: Legend of the Divine Demon,3×3 EYES聖魔伝説,3,Manga,R - 17+ (violence & profanity),-,OVA,Studio Junio,6.95,6515 ,Ranked #3887,Popularity #4651,12848,https://myanimelist.net/anime/1225/3x3_Eyes__Seima_Densetsu,Horror
-,ベターマン,26,Original,R - 17+ (violence & profanity),Spring 1999,TV,Sunrise,6.59,3346 ,Ranked #5533,Popularity #4684,12584,https://myanimelist.net/anime/1136/Betterman,Horror
-,インタールード,3,Visual novel,R - 17+ (violence & profanity),-,OVA,Toei Animation,6.45,4450 ,Ranked #6291,Popularity #4756,12172,https://myanimelist.net/anime/1085/Interlude,Horror
-,サイレントメビウス,26,Manga,PG-13 - Teens 13 or older,Winter 1998,TV,Radix,6.80,3914 ,Ranked #4523,Popularity #4755,12166,https://myanimelist.net/anime/1517/Silent_Möbius,Horror
-,亜人 (佐藤 ZERO),1,Manga,R - 17+ (violence & profanity),-,OVA,Polygon Pictures,7.07,3929 ,Ranked #3382,Popularity #4785,12138,https://myanimelist.net/anime/36625/Ajin_2nd_Season_OVA,Horror
Getter Robo: Armageddon,真(チェンジ!!)ゲッターロボ 世界最後の日,13,Unknown,R - 17+ (violence & profanity),-,OVA,Brain's Base,7.70,4606 ,Ranked #1050,Popularity #4810,11946,https://myanimelist.net/anime/978/Change_Getter_Robo__Sekai_Saigo_no_Hi,Horror
-,怪物王女,3,Manga,R - 17+ (violence & profanity),-,OVA,Tatsunoko Production,7.07,4810 ,Ranked #3400,Popularity #4812,11908,https://myanimelist.net/anime/9159/Kaibutsu_Oujo_OVA,Horror
Ushio and Tora,うしおととら,10,Manga,PG-13 - Teens 13 or older,-,OVA,Pastel,7.15,3788 ,Ranked #3088,Popularity #4814,11913,https://myanimelist.net/anime/842/Ushio_to_Tora,Horror
Zenki,鬼神童子ZENKI,51,Manga,PG-13 - Teens 13 or older,Winter 1995,TV,Studio Deen,6.97,4279 ,Ranked #3822,Popularity #4860,11590,https://myanimelist.net/anime/1573/Kishin_Douji_Zenki,Horror
Calamity of the Zombie Girl,あるゾンビ少女の災難,1,Novel,R+ - Mild Nudity,-,ONA,"Gonzo,             Stingray",5.37,4843 ,Ranked #10449,Popularity #4894,11455,https://myanimelist.net/anime/37735/Aru_Zombie_Shoujo_no_Sainan_ONA,Horror
The Guyver: Bio-Booster Armor,強殖装甲ガイバー,6,Manga,PG-13 - Teens 13 or older,-,OVA,-,7.12,4930 ,Ranked #3214,Popularity #4910,11308,https://myanimelist.net/anime/6016/Kyoushoku_Soukou_Guyver_1989,Horror
-,南海奇皇ネオランガ,48,Original,PG-13 - Teens 13 or older,Spring 1998,TV,Studio Pierrot,6.52,2172 ,Ranked #5899,Popularity #4924,11230,https://myanimelist.net/anime/1163/Neo_Ranga,Horror
Ghost Stories: The Headless Horsemen!! Curse of Death,学校の怪談 首なしライダー!! 死の呪い,1,Original,PG-13 - Teens 13 or older,-,Special,Studio Pierrot,7.04,6347 ,Ranked #3574,Popularity #4939,11238,https://myanimelist.net/anime/30825/Gakkou_no_Kaidan__Kubinashi_Rider_Shi_no_Noroi,Horror
-,バイオ・ハンター,1,Manga,R+ - Mild Nudity,-,OVA,Madhouse,5.93,4871 ,Ranked #8752,Popularity #4949,11047,https://myanimelist.net/anime/1269/Bio_Hunter,Horror
-,ベルセルク 第1期ダイジェスト映像,1,Manga,R - 17+ (violence & profanity),-,Special,"Millepensee,             GEMBA",6.03,4667 ,Ranked #8351,Popularity #4965,10998,https://myanimelist.net/anime/35009/Berserk_Recap,Horror
Lychee Light Club,ライチ DE 光クラブ,8,Manga,PG-13 - Teens 13 or older,Fall 2012,TV,Kachidoki Studio,5.21,4637 ,Ranked #10801,Popularity #5006,10716,https://myanimelist.net/anime/15045/Litchi_DE_Hikari_Club,Horror
-,怪物王女　第26話「昏睡王女」,1,Manga,PG-13 - Teens 13 or older,-,Special,Madhouse,7.00,4725 ,Ranked #3742,Popularity #5047,10513,https://myanimelist.net/anime/4082/Kaibutsu_Oujo__Konsui_Oujo,Horror
Graveyard Kitaro,墓場鬼太郎,11,Manga,PG-13 - Teens 13 or older,Winter 2008,TV,Toei Animation,6.88,3176 ,Ranked #4200,Popularity #5087,10306,https://myanimelist.net/anime/3710/Hakaba_Kitarou,Horror
Blue Gender: The Warrior,BLUE GENDER THE WARRIOR,1,Original,R - 17+ (violence & profanity),-,Movie,AIC,6.23,4620 ,Ranked #7385,Popularity #5119,10141,https://myanimelist.net/anime/1380/Blue_Gender__The_Warrior,Horror
Devil Hunter Yohko,魔物ハンター妖子,6,Original,R+ - Mild Nudity,-,OVA,Madhouse,6.28,3752 ,Ranked #7170,Popularity #5120,10138,https://myanimelist.net/anime/1280/Mamono_Hunter_Youko,Horror
Himekishi Lilia,姫騎士リリア,6,Visual novel,Rx - Hentai,-,OVA,-,6.78,3076 ,Ranked N/A,Popularity #5122,10139,https://myanimelist.net/anime/3992/Himekishi_Lilia,Horror
-,人形草紙あやつり左近,26,Manga,R - 17+ (violence & profanity),Fall 1999,TV,TMS Entertainment,7.38,2570 ,Ranked #2038,Popularity #5126,10112,https://myanimelist.net/anime/2204/Karakurizoushi_Ayatsuri_Sakon,Horror
Violence Jack: Slumking,バイオレンス ジャック 〜ハーレム・ボンバー編〜,1,Manga,R+ - Mild Nudity,-,OVA,"Production Reed,             Ashi Production,             D.A.S.T.,             Studio 88",5.22,4738 ,Ranked #10771,Popularity #5157,9946,https://myanimelist.net/anime/1341/Violence_Jack__Harlem_Bomber-hen,Horror
-,モンスター EXTRA,1,Manga,R - 17+ (violence & profanity),-,Special,Madhouse,6.65,3871 ,Ranked #5252,Popularity #5266,9419,https://myanimelist.net/anime/1109/Monster_Extra__Hottan,Horror
Apocalypse Zero,覚悟のススメ,2,Manga,R+ - Mild Nudity,-,OVA,Ashi Production,4.74,3664 ,Ranked #11342,Popularity #5286,9307,https://myanimelist.net/anime/1647/Kakugo_no_Susume,Horror
Ichi The Killer: Episode 0,殺し屋１ THE ANIMATION EPISODE 0,1,Manga,R+ - Mild Nudity,-,OVA,AIC,5.68,4283 ,Ranked #9590,Popularity #5357,9050,https://myanimelist.net/anime/2346/Koroshiya_1_The_Animation__Episode_0,Horror
-,闇芝居 8期,13,Original,PG-13 - Teens 13 or older,Winter 2021,TV,"ILCA,             DRAWIZ",5.63,2842 ,Ranked #9745,Popularity #5361,9246,https://myanimelist.net/anime/44208/Yami_Shibai_8,Horror
Ghost Talker's Daydream,低俗霊DAYDREAM,4,Manga,R+ - Mild Nudity,-,OVA,Hal Film Maker,6.18,3604 ,Ranked #7637,Popularity #5373,8963,https://myanimelist.net/anime/1500/Teizokurei_Daydream,Horror
-,姉なるもの,Unknown,Manga,None,-,OVA,-,N/A,- user,Ranked N/A,Popularity #5383,9058,https://myanimelist.net/anime/41005/Ane_Naru_Mono,Horror
-,テラフォーマーズ アース編,2,Manga,R - 17+ (violence & profanity),-,OVA,LIDENFILMS,6.32,1190 ,Ranked #6944,Popularity #5420,8829,https://myanimelist.net/anime/34532/Terra_Formars__Earth-hen,Horror
Violence Jack: Evil Town,バイオレンス ジャック 〜地獄街編〜,1,Manga,R+ - Mild Nudity,-,OVA,Studio 88,5.55,4352 ,Ranked #9987,Popularity #5456,8671,https://myanimelist.net/anime/1342/Violence_Jack__Jigoku_Gai-hen,Horror
New Getter Robo,新ゲッターロボ,13,Original,R - 17+ (violence & profanity),-,OVA,Brain's Base,7.36,3334 ,Ranked #2094,Popularity #5486,8548,https://myanimelist.net/anime/2978/Shin_Getter_Robo,Horror
Demon Lord Dante,魔王ダンテ,13,Manga,R - 17+ (violence & profanity),Summer 2002,TV,Magic Bus,6.04,2927 ,Ranked #8342,Popularity #5518,8426,https://myanimelist.net/anime/1628/Maou_Dante,Horror
-,ダークサイド・ブルース,1,Manga,R - 17+ (violence & profanity),-,Movie,J.C.Staff,6.07,3659 ,Ranked #8169,Popularity #5522,8413,https://myanimelist.net/anime/1494/Darkside_Blues,Horror
Call Me Tonight,コール・ミー・トゥナイト,1,Original,R+ - Mild Nudity,-,OVA,AIC,5.27,4314 ,Ranked #10655,Popularity #5583,8175,https://myanimelist.net/anime/2147/Call_Me_Tonight,Horror
Doomed Megalopolis,帝都物語,4,Novel,R+ - Mild Nudity,-,OVA,Madhouse,5.96,2250 ,Ranked #8635,Popularity #5670,7894,https://myanimelist.net/anime/1148/Teito_Monogatari,Horror
-,BIOHAZARD INFINITE DARKNESS,4,Game,None,-,ONA,"TMS Entertainment,             Quebico",6.32,3150 ,Ranked #6951,Popularity #5710,7776,https://myanimelist.net/anime/42976/Biohazard__Infinite_Darkness,Horror
Twilight Of The Dark Master,支配者の黄昏,1,Manga,R+ - Mild Nudity,-,OVA,"Madhouse,             Production Reed",5.82,3200 ,Ranked #9090,Popularity #5725,7722,https://myanimelist.net/anime/1245/Shihaisha_no_Tasogare,Horror
-,魔法少女アイ,5,Visual novel,Rx - Hentai,-,OVA,-,6.52,2546 ,Ranked N/A,Popularity #5743,7644,https://myanimelist.net/anime/2988/Mahou_Shoujo_Ai,Horror
Sci-fi Harry,サイファイハリー,20,Manga,R - 17+ (violence & profanity),Fall 2000,TV,APPP,6.20,1967 ,Ranked #7536,Popularity #5755,7607,https://myanimelist.net/anime/1508/Sci-fi_Harry,Horror
Blood Reign: Curse of the Yoma,妖魔,2,Manga,R - 17+ (violence & profanity),-,OVA,J.C.Staff,6.09,3032 ,Ranked #8107,Popularity #5839,7362,https://myanimelist.net/anime/1484/Youma,Horror
The Guyver: Bio-Booster Armor,強殖装甲ガイバー II,6,Unknown,R - 17+ (violence & profanity),-,OVA,-,7.03,3626 ,Ranked #3616,Popularity #5857,7313,https://myanimelist.net/anime/1336/Kyoushoku_Soukou_Guyver_II,Horror
-,バイオハザード4 Incubate,1,Game,R - 17+ (violence & profanity),-,OVA,-,6.16,2898 ,Ranked #7760,Popularity #5962,6998,https://myanimelist.net/anime/8278/Biohazard_4__Incubate,Horror
-,劇場版BEM 〜BECOME HUMAN〜,1,Original,None,-,Movie,Production I.G,6.80,1517 ,Ranked #4535,Popularity #5995,6997,https://myanimelist.net/anime/42129/Bem_Movie__Become_Human,Horror
Violence Jack: Hell's Wind,バイオレンス ジャック 〜ヘルスウインド編〜,1,Manga,R+ - Mild Nudity,-,OVA,Studio 88,5.47,3642 ,Ranked #10204,Popularity #5996,6934,https://myanimelist.net/anime/1343/Violence_Jack__Hells_Wind-hen,Horror
-,「DEVILMAN crybaby」ダイジェスト映像,1,Manga,PG-13 - Teens 13 or older,-,ONA,Science SARU,5.95,1594 ,Ranked #8679,Popularity #6064,6764,https://myanimelist.net/anime/37590/Devilman__Crybaby_-_Digest_Eizou,Horror
Mermaid's Scar,人魚の傷,1,Manga,R - 17+ (violence & profanity),-,OVA,Madhouse,6.80,2572 ,Ranked #4554,Popularity #6090,6621,https://myanimelist.net/anime/2017/Mermaids_Scar,Horror
-,師匠シリーズ,Unknown,Novel,None,-,TV,Pierrot Plus,N/A,- user,Ranked N/A,Popularity #6106,6598,https://myanimelist.net/anime/30223/Shishou_Series,Horror
-,祈明羅,1,Manga,R+ - Mild Nudity,-,OVA,animate Film,5.12,2896 ,Ranked #10960,Popularity #6177,6382,https://myanimelist.net/anime/2592/Kimera,Horror
Aooni the Movie,青鬼 THE ANIMATION,1,Game,R - 17+ (violence & profanity),-,Movie,Studio Deen,4.16,2591 ,Ranked #11550,Popularity #6185,6363,https://myanimelist.net/anime/33820/Ao_Oni_The_Animation_Movie,Horror
-,淫堕の姫騎士ジャンヌ,2,Visual novel,Rx - Hentai,-,OVA,-,6.31,2066 ,Ranked N/A,Popularity #6200,6301,https://myanimelist.net/anime/4004/Inda_no_Himekishi_Janne,Horror
-,デジタル・デビル物語〈ストーリ〉 女神転生,1,Light novel,R - 17+ (violence & profanity),-,OVA,animate Film,5.20,3068 ,Ranked #10819,Popularity #6247,6180,https://myanimelist.net/anime/2983/Digital_Devil_Story__Megami_Tensei,Horror
-,人魚の森,1,Manga,R - 17+ (violence & profanity),-,OVA,Pastel,6.77,2616 ,Ranked #4670,Popularity #6251,6165,https://myanimelist.net/anime/2016/Mermaid_Forest_OVA,Horror
Battle Royal High School,真魔神伝　バトルロイヤルハイスクール,1,Manga,R+ - Mild Nudity,-,OVA,AIC,5.57,2449 ,Ranked #9891,Popularity #6257,6151,https://myanimelist.net/anime/3625/Battle_Royal_High_School,Horror
Lily C.A.T.,LILY-C.A.T.,1,Original,PG-13 - Teens 13 or older,-,OVA,Studio Pierrot,5.89,2722 ,Ranked #8874,Popularity #6282,6098,https://myanimelist.net/anime/3258/Lily_CAT,Horror
Seoul Station,서울역,1,Unknown,R - 17+ (violence & profanity),-,Movie,Studio Dadashow,5.77,2603 ,Ranked #9300,Popularity #6343,6002,https://myanimelist.net/anime/34048/Seoul-yeok,Horror
Puppet Princess,からくりの君,1,Manga,R+ - Mild Nudity,-,OVA,TMS Entertainment,6.49,2312 ,Ranked #6070,Popularity #6387,5859,https://myanimelist.net/anime/1658/Karakuri_no_Kimi,Horror
-,アジテイテッド・スクリームズ・オブ・マゴッツ,1,Original,R+ - Mild Nudity,-,Music,-,4.19,3666 ,Ranked #11545,Popularity #6406,5805,https://myanimelist.net/anime/9056/Agitated_Screams_of_Maggots,Horror
Tokyo Revelation,真・女神転生　東京黙示録,2,Manga,R - 17+ (violence & profanity),-,OVA,J.C.Staff,5.39,2207 ,Ranked #10408,Popularity #6440,5743,https://myanimelist.net/anime/1338/Shin_Megami_Tensei__Tokyo_Mokushiroku,Horror
Blue Seed Beyond,ブルーシード 2,3,Unknown,R - 17+ (violence & profanity),-,OVA,"Production I.G,             Xebec",6.46,2364 ,Ranked #6236,Popularity #6466,5695,https://myanimelist.net/anime/999/Blue_Seed_2,Horror
Chainsaw Maid,チェーンソー・メイド,1,Original,R - 17+ (violence & profanity),-,ONA,-,4.97,3646 ,Ranked #11154,Popularity #6530,5535,https://myanimelist.net/anime/11679/Chainsaw_Maid,Horror
Guyver: Out of Control,強殖装甲ガイバー,1,Unknown,R+ - Mild Nudity,-,Movie,Production Reed,6.25,2421 ,Ranked #7300,Popularity #6551,5494,https://myanimelist.net/anime/2293/Kyoushoku_Soukou_Guyver,Horror
The Curse of Kazuo Umezu,楳図かずおの呪い,1,Manga,R - 17+ (violence & profanity),-,OVA,-,6.14,2399 ,Ranked #7852,Popularity #6569,5458,https://myanimelist.net/anime/6276/Umezu_Kazuo_no_Noroi,Horror
-,都市伝説物語　ひきこ,1,Original,R - 17+ (violence & profanity),-,OVA,-,5.94,1584 ,Ranked #8717,Popularity #6916,4794,https://myanimelist.net/anime/6809/Toshi_Densetsu_Monogatari_Hikiko,Horror
Muramasa,村正,1,Original,PG-13 - Teens 13 or older,-,Movie,-,6.20,2232 ,Ranked #7524,Popularity #6959,4724,https://myanimelist.net/anime/3475/Muramasa,Horror
-,コクハク,1,Original,R - 17+ (violence & profanity),-,ONA,-,2.30,3442 ,Ranked #11629,Popularity #6990,4750,https://myanimelist.net/anime/31634/Kokuhaku,Horror
-,sin THE MOVIE,1,Game,R - 17+ (violence & profanity),-,OVA,Phoenix Entertainment,5.15,2389 ,Ranked #10899,Popularity #7019,4635,https://myanimelist.net/anime/2262/Sin__The_Movie,Horror
-,駕籠真太郎アニメ作品集,15,Original,R+ - Mild Nudity,-,OVA,-,4.94,1375 ,Ranked #11187,Popularity #7097,4508,https://myanimelist.net/anime/10003/Kago_Shintarou_Anime_Sakuhin_Shuu,Horror
-,ゲゲゲの鬼太郎 (2007),100,Manga,G - All Ages,Spring 2007,TV,Toei Animation,6.90,926 ,Ranked #4114,Popularity #7131,4461,https://myanimelist.net/anime/2165/Gegege_no_Kitarou_2007,Horror
-,プッシーキャット,1,Original,R - 17+ (violence & profanity),-,ONA,-,4.17,2995 ,Ranked #11547,Popularity #7155,4436,https://myanimelist.net/anime/11687/Pussycat,Horror
Bride of Deimos,悪魔の花嫁 蘭の組曲,1,Manga,R - 17+ (violence & profanity),-,OVA,Madhouse,5.68,1689 ,Ranked #9579,Popularity #7195,4365,https://myanimelist.net/anime/5918/Deimos_no_Hanayome__Ran_no_Kumikyoku,Horror
-,カラダ探し,10,Manga,R - 17+ (violence & profanity),-,ONA,Studio Khronos,5.68,139 ,Ranked #9589,Popularity #7205,4371,https://myanimelist.net/anime/35480/Karadasagashi,Horror
-,注文の多い料理店,1,Book,G - All Ages,-,Movie,-,6.22,2031 ,Ranked #7459,Popularity #7207,4354,https://myanimelist.net/anime/4095/Chuumon_no_Ooi_Ryouriten_1991,Horror
Psycho Diver: Soul Siren,サイコダイバー 魔性菩薩,1,Unknown,R+ - Mild Nudity,-,OVA,Madhouse,5.69,1541 ,Ranked #9559,Popularity #7249,4310,https://myanimelist.net/anime/1767/Psycho_Diver__Mashou_Bosatsu,Horror
The House Spirit Tatami-chan,ざしきわらしのタタミちゃん,12,Original,PG-13 - Teens 13 or older,-,ONA,Zero-G,5.21,1650 ,Ranked #10807,Popularity #7284,4263,https://myanimelist.net/anime/41124/Zashiki_Warashi_no_Tatami-chan,Horror
-,闇芝居 九期,Unknown,Original,PG-13 - Teens 13 or older,Summer 2021,TV,"ILCA,             DRAWIZ",6.05,273 ,Ranked #8305,Popularity #7327,4177,https://myanimelist.net/anime/49110/Yami_Shibai_9,Horror
-,魔法少女サイト ダイジェストPV,2,Manga,R - 17+ (violence & profanity),-,Special,"Avex Pictures,             production doA",6.21,962 ,Ranked #7502,Popularity #7357,4168,https://myanimelist.net/anime/38104/Mahou_Shoujo_Site_Recaps,Horror
-,Malice@doll マリスドール,3,Original,R - 17+ (violence & profanity),-,OVA,-,5.90,1405 ,Ranked #8853,Popularity #7359,4134,https://myanimelist.net/anime/2261/MaliceDoll,Horror
Extra,EXTRA (エクストラ),1,Unknown,R - 17+ (violence & profanity),-,Music,Studio 4°C,5.95,2432 ,Ranked #8682,Popularity #7387,4076,https://myanimelist.net/anime/3525/Extra,Horror
Dawn of the World,末日曙光,20,Novel,R - 17+ (violence & profanity),-,ONA,Dawn Animation,6.13,249 ,Ranked #7899,Popularity #7407,4082,https://myanimelist.net/anime/37291/Mo_Ri_Shu_Guang,Horror
-,Airy Me,1,Music,PG-13 - Teens 13 or older,-,Music,-,6.31,2269 ,Ranked #6977,Popularity #7431,4018,https://myanimelist.net/anime/21861/Airy_Me,Horror
No Littering,NO LITTERING,1,Original,R - 17+ (violence & profanity),-,ONA,-,3.55,2789 ,Ranked #11591,Popularity #7453,3985,https://myanimelist.net/anime/16610/No_Littering,Horror
-,細菌汚染 – Bacterial Contamination –,1,Music,PG-13 - Teens 13 or older,-,Music,-,5.97,2394 ,Ranked #8591,Popularity #7456,3977,https://myanimelist.net/anime/20855/Bacterial_Contamination,Horror
Resident Evil 4D Executor,BIOHAZARD 4D-EXECUTER,1,Game,R - 17+ (violence & profanity),-,Special,-,5.47,2091 ,Ranked #10177,Popularity #7474,3957,https://myanimelist.net/anime/5624/Biohazard_4D-Executer,Horror
Laughing Target,笑う標的,1,Manga,R - 17+ (violence & profanity),-,OVA,Studio Pierrot,6.21,1694 ,Ranked #7520,Popularity #7479,3951,https://myanimelist.net/anime/2018/Warau_Hyouteki,Horror
-,ダークキャット,1,Manga,R - 17+ (violence & profanity),-,OVA,Agent 21,3.31,1973 ,Ranked #11607,Popularity #7566,3820,https://myanimelist.net/anime/4531/Dark_Cat,Horror
Inyouchuu Shoku,淫妖蟲 蝕～凌触島退魔録～ 完全版,1,Visual novel,Rx - Hentai,-,OVA,-,6.07,1138 ,Ranked N/A,Popularity #7581,3791,https://myanimelist.net/anime/9287/Inyouchuu_Shoku__Ryoushokutou_Taimaroku_-_Kanzenban,Horror
Eight Clouds Rising,八雲立つ,2,Manga,PG-13 - Teens 13 or older,-,OVA,Studio Pierrot,6.10,1247 ,Ranked #8024,Popularity #7609,3755,https://myanimelist.net/anime/1026/Yakumotatsu,Horror
-,MAID OF THE DEAD,1,Original,R - 17+ (violence & profanity),-,ONA,-,4.09,2434 ,Ranked #11562,Popularity #7709,3594,https://myanimelist.net/anime/20811/Maid_of_the_Dead,Horror
-,血みどろデート,1,Original,R - 17+ (violence & profanity),-,ONA,-,4.17,2325 ,Ranked #11548,Popularity #7716,3582,https://myanimelist.net/anime/11691/Bloody_Date,Horror
-,ゲゲゲの鬼太郎,65,Manga,G - All Ages,Winter 1968,TV,Toei Animation,6.78,572 ,Ranked #4623,Popularity #7753,3527,https://myanimelist.net/anime/5688/Gegege_no_Kitarou_1968,Horror
The Thaw,ゆきどけ,1,Original,PG-13 - Teens 13 or older,-,Movie,-,3.95,1987 ,Ranked #11570,Popularity #7780,3530,https://myanimelist.net/anime/23057/Yukidoke,Horror
-,魍魎の贄,2,Visual novel,Rx - Hentai,-,OVA,-,6.18,1071 ,Ranked N/A,Popularity #7786,3483,https://myanimelist.net/anime/16091/Mouryou_no_Nie,Horror
-,THE UROTSUKI,3,Unknown,Rx - Hentai,-,OVA,Phoenix Entertainment,5.66,844 ,Ranked N/A,Popularity #7826,3437,https://myanimelist.net/anime/1353/The_Urotsuki,Horror
Perverse Investigations,性裁,2,Visual novel,Rx - Hentai,-,OVA,Y.O.U.C,5.34,1015 ,Ranked N/A,Popularity #7831,3423,https://myanimelist.net/anime/2944/Seisai,Horror
Gregory Horror Show,グレゴリーホラーショー,25,Original,PG-13 - Teens 13 or older,Fall 1999,TV,Milky Cartoon,6.56,1250 ,Ranked #5725,Popularity #7882,3362,https://myanimelist.net/anime/6069/Gregory_Horror_Show,Horror
-,ドロロンえん魔くん,25,Manga,PG-13 - Teens 13 or older,Fall 1973,TV,Toei Animation,6.26,506 ,Ranked #7257,Popularity #7897,3343,https://myanimelist.net/anime/1337/Dororon_Enma-kun,Horror
-,絶叫学級 転生,2,Manga,G - All Ages,-,Special,-,5.46,1286 ,Ranked #10218,Popularity #7921,3322,https://myanimelist.net/anime/33103/Zekkyou_Gakkyuu__Tensei,Horror
-,監獄実験〈プリズンラボ〉,20,Manga,R - 17+ (violence & profanity),-,ONA,-,5.45,151 ,Ranked #10254,Popularity #7934,3315,https://myanimelist.net/anime/38902/Prison_Lab,Horror
Urotsukidoji II: Legend of the Demon Womb (movie),超神伝説うろつき童子 魔胎伝,1,Unknown,Rx - Hentai,-,Movie,-,5.90,1489 ,Ranked N/A,Popularity #7981,3234,https://myanimelist.net/anime/2360/Choujin_Densetsu_Urotsukidouji_2,Horror
Urotsukidoji III: Return of the Overfiend,超神伝説うろつき童子 未来篇,4,Unknown,Rx - Hentai,-,OVA,-,5.71,1261 ,Ranked N/A,Popularity #8005,3195,https://myanimelist.net/anime/2343/Choujin_Densetsu_Urotsukidouji__Mirai-hen,Horror
Judge,闇の司法官ジャッジ,1,Manga,R - 17+ (violence & profanity),-,OVA,"J.C.Staff,             animate",5.35,1441 ,Ranked #10515,Popularity #8086,3084,https://myanimelist.net/anime/1340/Yami_no_Shihosha_Judge,Horror
Aragne: Sign of Vermillion,アラーニェの虫籠,1,Original,R - 17+ (violence & profanity),-,Movie,-,5.06,579 ,Ranked #11050,Popularity #8090,3111,https://myanimelist.net/anime/34974/Aragne_no_Mushikago,Horror
-,LOVE BITES,1,Original,R - 17+ (violence & profanity),-,ONA,-,2.60,2154 ,Ranked #11626,Popularity #8137,3071,https://myanimelist.net/anime/32894/Love_Bites,Horror
Ling Cage,灵笼: INCARNATION,6,Original,R - 17+ (violence & profanity),-,ONA,YHKT Entertainment,7.31,585 ,Ranked #2331,Popularity #8175,3032,https://myanimelist.net/anime/39675/Ling_Long__Incarnation,Horror
Alien from the Darkness,淫獣エイリアン,1,Original,Rx - Hentai,-,OVA,-,5.25,1200 ,Ranked N/A,Popularity #8198,2958,https://myanimelist.net/anime/2315/Injuu_Alien,Horror
Rei and Fuko,特務捜査官レイ & 風子,4,Visual novel,Rx - Hentai,-,OVA,-,6.19,893 ,Ranked N/A,Popularity #8216,2938,https://myanimelist.net/anime/3998/Tokumu_Sousakan_Rei___Fuko,Horror
-,H・P・ラヴクラフトのダニッチ・ホラー　その他の物語,1,Novel,PG-13 - Teens 13 or older,-,OVA,Toei Animation,6.05,690 ,Ranked #8267,Popularity #8222,2932,https://myanimelist.net/anime/3906/H_P_Lovecrafts_The_Dunwich_Horror_and_Other_Stories,Horror
-,ガレリアンズ：リオン,3,Unknown,R - 17+ (violence & profanity),-,OVA,-,5.47,1169 ,Ranked #10184,Popularity #8234,2915,https://myanimelist.net/anime/1611/Galerians__Rion,Horror
Pinky,PINKY（ピンキー）,1,Original,R - 17+ (violence & profanity),-,ONA,-,3.36,1940 ,Ranked #11602,Popularity #8293,2841,https://myanimelist.net/anime/16604/Pinky,Horror
Square Of The Moon: The Night Is Coming!,夜が来る!,4,Visual novel,Rx - Hentai,-,OVA,Green Bunny,5.61,587 ,Ranked N/A,Popularity #8397,2728,https://myanimelist.net/anime/1702/Yoru_ga_Kuru,Horror
Hell Teacher Nube,地獄先生ぬ～べ～,3,Unknown,PG-13 - Teens 13 or older,-,OVA,-,7.11,911 ,Ranked #3245,Popularity #8439,2684,https://myanimelist.net/anime/2745/Jigoku_Sensei_Nube_OVA,Horror
Shuten Doji - The Star Hand Kid,手天童子,4,Manga,R+ - Mild Nudity,-,OVA,Studio Signal,5.73,802 ,Ranked #9442,Popularity #8440,2683,https://myanimelist.net/anime/1227/Shuten_Douji,Horror
-,血みどろの夜,1,Original,R - 17+ (violence & profanity),-,ONA,-,3.88,1651 ,Ranked #11574,Popularity #8460,2667,https://myanimelist.net/anime/11869/Bloody_Night,Horror
Luv Wave,ラヴ ウェーブ,3,Visual novel,Rx - Hentai,-,OVA,-,5.89,886 ,Ranked N/A,Popularity #8509,2630,https://myanimelist.net/anime/3254/Luv_Wave,Horror
-,C.L.A.Y.,1,Original,R - 17+ (violence & profanity),-,ONA,-,3.49,1740 ,Ranked #11596,Popularity #8536,2599,https://myanimelist.net/anime/16606/CLAY,Horror
Zombie Brother,尸兄,41,Web manga,R - 17+ (violence & profanity),-,ONA,L²Studio,6.63,612 ,Ranked #5373,Popularity #8549,2601,https://myanimelist.net/anime/30412/Shi_Xiong,Horror
Humanoid Monster Bem,妖怪人間ベム,26,Unknown,PG-13 - Teens 13 or older,Winter 2006,TV,Studio Comet,5.85,799 ,Ranked #9038,Popularity #8558,2577,https://myanimelist.net/anime/4823/Youkai_Ningen_Bem_2006,Horror
-,鬼点睛,4,Original,Rx - Hentai,-,OVA,-,6.14,820 ,Ranked N/A,Popularity #8566,2574,https://myanimelist.net/anime/3427/Oni-Tensei,Horror
Roots Search,ルーツ・サーチ 食心物体Ｘ,1,Original,R+ - Mild Nudity,-,OVA,-,4.19,1172 ,Ranked #11546,Popularity #8583,2556,https://myanimelist.net/anime/2250/Roots_Search__Shokushin_Buttai_X,Horror
Legend of the Wolf Woman,女狼狂濡,2,Original,Rx - Hentai,-,OVA,-,5.62,884 ,Ranked N/A,Popularity #8586,2555,https://myanimelist.net/anime/4350/Megami_Kyouju,Horror
Countdown Conjoined,誘惑 COUNT DOWN,6,Manga,Rx - Hentai,-,OVA,AIC,5.80,643 ,Ranked N/A,Popularity #8602,2546,https://myanimelist.net/anime/1383/Yuuwaku_Countdown,Horror
-,キマイラ,1,Novel,None,-,Movie,-,N/A,- user,Ranked N/A,Popularity #8660,2506,https://myanimelist.net/anime/37437/Chimera,Horror
Hyakki: The Secret of Devil's Island,百鬼,3,Visual novel,Rx - Hentai,-,OVA,Arms,5.56,689 ,Ranked N/A,Popularity #8675,2467,https://myanimelist.net/anime/1782/Hyakki,Horror
-,暗黒神話,2,Manga,R+ - Mild Nudity,-,OVA,Ajia-Do,4.20,882 ,Ranked #11544,Popularity #8723,2424,https://myanimelist.net/anime/1966/Ankoku_Shinwa,Horror
Mystery of the Necronomicon,黒の断章,4,Unknown,Rx - Hentai,-,OVA,-,5.73,816 ,Ranked N/A,Popularity #8775,2366,https://myanimelist.net/anime/220/Kuro_no_Danshou,Horror
-,魔龍戦紀,3,Original,R+ - Mild Nudity,-,OVA,AIC,5.19,627 ,Ranked #10837,Popularity #8800,2338,https://myanimelist.net/anime/6061/Maryuu_Senki,Horror
Urotsukidoji IV: Inferno Road,超神伝説うろつき童子 放浪篇[インフェルノ·ロード],3,Unknown,Rx - Hentai,-,OVA,-,5.41,849 ,Ranked N/A,Popularity #8806,2330,https://myanimelist.net/anime/2344/Choujin_Densetsu_Urotsukidouji__Inferno_Road,Horror
-,大魔獣激闘　鋼の鬼,1,Unknown,PG-13 - Teens 13 or older,-,OVA,-,5.26,884 ,Ranked #10687,Popularity #8820,2319,https://myanimelist.net/anime/1819/Daimajuu_Gekitou__Hagane_no_Oni,Horror
Hell Teacher Nube,地獄先生ぬ〜べ〜,1,Unknown,PG-13 - Teens 13 or older,-,Movie,Toei Animation,6.63,791 ,Ranked #5353,Popularity #8894,2253,https://myanimelist.net/anime/8208/Jigoku_Sensei_Nube_Movie,Horror
Twin Angels (1),淫獣聖戦 ツインエンジェル,4,Original,Rx - Hentai,-,OVA,Arms,5.62,651 ,Ranked N/A,Popularity #8904,2243,https://myanimelist.net/anime/3569/Injuu_Seisen__Twin_Angels,Horror
-,WITHIN THE BLOODY WOODS,2,Original,R - 17+ (violence & profanity),-,ONA,-,3.38,1440 ,Ranked #11600,Popularity #8910,2238,https://myanimelist.net/anime/11915/Within_the_Bloody_Woods,Horror
Angel Of Darkness,淫獣教師,4,Unknown,Rx - Hentai,-,OVA,-,5.48,727 ,Ranked N/A,Popularity #8927,2221,https://myanimelist.net/anime/3908/Injuu_Kyoushi,Horror
Spirit Warrior,孔雀王,3,Unknown,R+ - Mild Nudity,-,OVA,-,5.89,604 ,Ranked #8872,Popularity #8953,2198,https://myanimelist.net/anime/3595/Kujakuou,Horror
The Erotic Temptress,淫魔妖女,5,Unknown,Rx - Hentai,-,OVA,-,5.92,597 ,Ranked N/A,Popularity #9001,2153,https://myanimelist.net/anime/4084/Inma_Youjo,Horror
-,寄生虫の一夜,1,Original,R - 17+ (violence & profanity),-,Movie,-,5.12,1131 ,Ranked #10961,Popularity #9031,2122,https://myanimelist.net/anime/7025/Kiseichuu_no_Ichiya,Horror
How to Eat Life,いのちの食べ方,1,Music,R - 17+ (violence & profanity),-,Music,-,7.84,1417 ,Ranked #778,Popularity #9067,2144,https://myanimelist.net/anime/42076/Inochi_no_Tabekata,Horror
-,怪物王女,3,Unknown,R - 17+ (violence & profanity),-,Special,Tatsunoko Production,6.56,572 ,Ranked #5734,Popularity #9105,2072,https://myanimelist.net/anime/26063/Kaibutsu_Oujo_Specials,Horror
-,超神伝説うろつき童子 完結編,1,Unknown,Rx - Hentai,-,OVA,-,5.35,696 ,Ranked N/A,Popularity #9132,2047,https://myanimelist.net/anime/2345/Choujin_Densetsu_Urotsukidouji_5__Kanketsu-hen,Horror
Dead Girl Trailer,DEAD GIRL Trailer（デッド・ガール トレーラー）,1,Original,R - 17+ (violence & profanity),-,ONA,-,3.51,1312 ,Ranked #11595,Popularity #9141,2035,https://myanimelist.net/anime/16602/Dead_Girl_Trailer,Horror
Bloody Code,血色苍穹,26,Web manga,R - 17+ (violence & profanity),-,ONA,CG Year,6.31,353 ,Ranked #7022,Popularity #9158,2032,https://myanimelist.net/anime/36762/Xue_Se_Cang_Qiong,Horror
Chainsaw Bunny,CHAINSAW BUNNY,1,Original,R+ - Mild Nudity,-,ONA,-,4.90,1216 ,Ranked #11218,Popularity #9161,2053,https://myanimelist.net/anime/38181/Chainsaw_Bunny,Horror
-,手塚治虫のドン・ドラキュラ,8,Manga,R+ - Mild Nudity,Spring 1982,TV,-,6.09,758 ,Ranked #8099,Popularity #9165,2016,https://myanimelist.net/anime/4853/Tezuka_Osamu_no_Don_Dracula,Horror
-,-,1,Visual novel,Rx - Hentai,-,Special,Studio Fantasia,5.88,600 ,Ranked N/A,Popularity #9179,2019,https://myanimelist.net/anime/31424/Inyouchuu_Etsu_Special,Horror
-,ワ・タ・シ・ノ・カ・オ,1,Original,PG-13 - Teens 13 or older,-,Movie,-,4.15,1119 ,Ranked #11553,Popularity #9182,2048,https://myanimelist.net/anime/28843/Watashi_no_Kao,Horror
Hell Teacher Nube: Summer Holiday of Fear! Legend of the Sea of Suspicion,地獄先生ぬ～べ～　恐怖の夏休み！！妖しの海の伝説！,1,Unknown,R - 17+ (violence & profanity),-,Movie,Toei Animation,6.70,661 ,Ranked #5014,Popularity #9206,1994,https://myanimelist.net/anime/5296/Jigoku_Sensei_Nube__Kyoufu_no_Natsuyasumi_Ayashi_no_Umi_no_Densetsu,Horror
Adventure Kid,妖獣戦線アドベンチャーKID,3,Manga,Rx - Hentai,-,OVA,-,5.31,635 ,Ranked N/A,Popularity #9210,1991,https://myanimelist.net/anime/2977/Youjuu_Sensen_Adventure_Kid,Horror
-,あるゾンビ少女の災難,1,Light novel,PG-13 - Teens 13 or older,-,Special,-,4.90,886 ,Ranked #11217,Popularity #9221,1989,https://myanimelist.net/anime/31014/Aru_Zombie_Shoujo_no_Sainan,Horror
-,【ゾンミちゃん】 - ミートパイ オブ ザ デッド -,1,Original,PG-13 - Teens 13 or older,-,Special,Neft Film,5.24,895 ,Ranked #10728,Popularity #9407,1850,https://myanimelist.net/anime/32934/Zonmi-chan__Meat_Pie_of_the_Dead,Horror
Hell Teacher Nube: 0 a.m. Nube Dead,地獄先生ぬ～べ～　午前0時ぬ～べ～死す！！,1,Manga,PG-13 - Teens 13 or older,-,Movie,Toei Animation,6.73,638 ,Ranked #4861,Popularity #9429,1827,https://myanimelist.net/anime/8228/Jigoku_Sensei_Nube__Gozen_0_Ji_Nube_Shisu,Horror
-,真・超神伝説 うろつき童子・魔胎伝,2,Unknown,Rx - Hentai,-,OVA,-,5.70,673 ,Ranked N/A,Popularity #9436,1830,https://myanimelist.net/anime/2342/Shin_Choujin_Densetsu_Urotsukidouji_Mataiden,Horror
Demon Beast Invasion,妖獣教室,6,Manga,Rx - Hentai,-,OVA,-,5.20,505 ,Ranked N/A,Popularity #9437,1824,https://myanimelist.net/anime/2338/Youjuu_Kyoushitsu,Horror
Order Designer,死灵编码,12,Original,R - 17+ (violence & profanity),-,ONA,Shanghai Foch Film and TV Culture Investment,5.45,325 ,Ranked #10257,Popularity #9526,1770,https://myanimelist.net/anime/33508/Si_Ling_Bianma__Zhi_Shijie_Caozong_Zhe,Horror
Spirit Warrior,真・孔雀王,2,Unknown,R+ - Mild Nudity,-,OVA,Madhouse,5.92,557 ,Ranked #8778,Popularity #9530,1759,https://myanimelist.net/anime/3599/Shin_Kujakuou,Horror
-,-,1,Original,R - 17+ (violence & profanity),-,ONA,-,3.49,886 ,Ranked #11597,Popularity #9600,1727,https://myanimelist.net/anime/34060/Dead_World,Horror
Hell Target,HELL TARGET [ヘルターゲット],1,Unknown,R - 17+ (violence & profanity),-,OVA,Nakamura Production,4.69,709 ,Ranked #11375,Popularity #9645,1689,https://myanimelist.net/anime/11411/Hell_Target,Horror
Horror News,恐怖新聞 (2014),16,Unknown,PG-13 - Teens 13 or older,-,ONA,Next Media Animation,5.65,286 ,Ranked #9672,Popularity #9646,1703,https://myanimelist.net/anime/30463/Kyoufu_Shinbun_2014,Horror
-,学校の怪談　総集編,2,Original,PG-13 - Teens 13 or older,-,Special,Studio Pierrot,6.02,504 ,Ranked #8405,Popularity #9668,1676,https://myanimelist.net/anime/22055/Gakkou_no_Kaidan_Recaps,Horror
Midnight Strike Force,妖囁,2,Unknown,Rx - Hentai,-,OVA,-,5.24,461 ,Ranked N/A,Popularity #9711,1649,https://myanimelist.net/anime/3536/Youshou,Horror
-,俺たちゃ妖怪人間,25,Original,PG-13 - Teens 13 or older,Fall 2017,TV,DLE,N/A,- ,Ranked #12112,Popularity #9728,1637,https://myanimelist.net/anime/36135/Oretacha_Youkai_Ningen,Horror
Genma Wars,幻魔大戦－神話前夜の章,13,Manga,PG-13 - Teens 13 or older,Winter 2002,TV,-,5.06,503 ,Ranked #11054,Popularity #9756,1618,https://myanimelist.net/anime/1705/Genma_Taisen__Shinwa_Zenya_no_Shou,Horror
-,端ノ向フ,1,Unknown,R - 17+ (violence & profanity),-,ONA,Iyasakadou Film,5.89,702 ,Ranked #8865,Popularity #9790,1605,https://myanimelist.net/anime/24127/Hashi_no_Mukou,Horror
Scary High School Rumors,学校のコワイうわさ　花子さんがきた！！,35,Unknown,PG-13 - Teens 13 or older,Summer 1994,TV,Group TAC,6.18,252 ,Ranked #7664,Popularity #9885,1542,https://myanimelist.net/anime/6472/Gakkou_no_Kowai_Uwasa__Hanako-san_ga_Kita,Horror
Purple Eyes in the Dark,闇のパープル・アイ,1,Manga,PG-13 - Teens 13 or older,-,Music,"J.C.Staff,             Toei Animation",4.71,585 ,Ranked #11364,Popularity #9910,1519,https://myanimelist.net/anime/9509/Yami_no_Purple_Eye,Horror
-,グレゴリーホラーショー - The Second Guest,25,Original,PG - Children,Spring 2000,TV,Milky Cartoon,6.59,712 ,Ranked #5546,Popularity #9919,1514,https://myanimelist.net/anime/12481/Gregory_Horror_Show__The_Second_Guest,Horror
-,江口寿史のNANTOKA NARUDESHO!,1,Manga,R+ - Mild Nudity,-,OVA,Madhouse,5.02,460 ,Ranked #11114,Popularity #9932,1512,https://myanimelist.net/anime/5554/Eguchi_Hisashi_no_Nantoka_Narudesho,Horror
U-SA-GUI,兎ガ怕イ,1,Original,R - 17+ (violence & profanity),-,Movie,-,4.65,695 ,Ranked #11404,Popularity #9952,1505,https://myanimelist.net/anime/23063/Usagi_ga_Kowai,Horror
-,妖怪人間ベム,26,Original,PG-13 - Teens 13 or older,Fall 1968,TV,Dai-Ichi Douga,6.06,309 ,Ranked #8227,Popularity #9976,1482,https://myanimelist.net/anime/4044/Youkai_Ningen_Bem,Horror
-,デビルマン メモリアル,1,Manga,R - 17+ (violence & profanity),-,OVA,Toei Animation,5.78,274 ,Ranked #9253,Popularity #9981,1485,https://myanimelist.net/anime/35952/Devilman_Memorial,Horror
Gandalla: The King of Burning Desert,熱沙の覇王ガンダーラ,26,Original,PG-13 - Teens 13 or older,Spring 1998,TV,Production Reed,5.92,147 ,Ranked #8775,Popularity #9991,1471,https://myanimelist.net/anime/3176/Nessa_no_Haou_Gandalla,Horror
Tong Zhi Zhe,通职者,10,Web manga,R - 17+ (violence & profanity),-,ONA,-,6.29,372 ,Ranked #7121,Popularity #9999,1473,https://myanimelist.net/anime/33702/Tong_Zhi_Zhe,Horror
Consultation Room,診察室,1,Original,PG-13 - Teens 13 or older,-,Movie,-,4.48,752 ,Ranked #11478,Popularity #10014,1472,https://myanimelist.net/anime/23059/Shinsatsushitsu,Horror
-,アムリタの饗宴,1,Original,R - 17+ (violence & profanity),-,Movie,-,N/A,- user,Ranked N/A,Popularity #10056,1443,https://myanimelist.net/anime/41029/Amrita_no_Kyouen,Horror
The Monster Of Frankenstein,恐怖伝説　怪奇！フランケンシュタイン,1,Unknown,R - 17+ (violence & profanity),-,Special,Toei Animation,5.51,497 ,Ranked #10096,Popularity #10067,1413,https://myanimelist.net/anime/6978/Kyoufu_Densetsu_Kaiki_Frankenstein,Horror
"Darkness of the Sea, Shadow of the Moon",海の闇、月の影,3,Manga,R - 17+ (violence & profanity),-,OVA,Magic Bus,5.91,334 ,Ranked #8823,Popularity #10077,1405,https://myanimelist.net/anime/4484/Umi_no_Yami_Tsuki_no_Kage,Horror
-,犬木加奈子絶叫コレクション 学校がこわい!,1,Unknown,PG-13 - Teens 13 or older,-,OVA,Toei Animation,5.72,442 ,Ranked #9482,Popularity #10092,1392,https://myanimelist.net/anime/8920/Inuki_Kanako_Zekkyou_Collection__Gakkou_ga_Kowai,Horror
-,輪郭,1,Unknown,PG-13 - Teens 13 or older,-,Music,-,5.60,750 ,Ranked #9809,Popularity #10159,1349,https://myanimelist.net/anime/18831/Rinkaku,Horror
Demon Beast Resurrection,妖獣教室外伝,4,Manga,Rx - Hentai,-,OVA,-,5.17,351 ,Ranked N/A,Popularity #10175,1342,https://myanimelist.net/anime/2339/Youjuu_Kyoushitsu_Gaiden,Horror
Spy of Darkness,淫獣VS女スパイ,1,Unknown,Rx - Hentai,-,OVA,-,5.44,450 ,Ranked N/A,Popularity #10189,1334,https://myanimelist.net/anime/3428/Injuu_vs_Onna_Spy,Horror
-,グレゴリーホラーショー - The Last Train,26,Original,None,Fall 2000,TV,Milky Cartoon,6.24,580 ,Ranked #7366,Popularity #10221,1314,https://myanimelist.net/anime/12483/Gregory_Horror_Show__The_Last_Train,Horror
Karura Mau Movie,変幻退魔夜行 カルラ舞う！ 奈良怨霊絵巻,1,Manga,R - 17+ (violence & profanity),-,Movie,-,5.81,390 ,Ranked #9127,Popularity #10241,1305,https://myanimelist.net/anime/3178/Hengen_Taima_Yakou_Karura_Mau_Nara_Onryou_Emaki,Horror
-,我叫白小飞,39,Web manga,PG-13 - Teens 13 or older,-,ONA,Haoliners Animation League,6.22,183 ,Ranked #7453,Popularity #10360,1249,https://myanimelist.net/anime/33357/Wo_Jiao_Bai_Xiaofei,Horror
Cat City,猫町,1,Unknown,PG-13 - Teens 13 or older,-,OVA,Toei Video,6.16,155 ,Ranked #7731,Popularity #10394,1223,https://myanimelist.net/anime/6270/Neko_Machi,Horror
-,チェーンソーメイド外伝 エピソード0,1,Original,R - 17+ (violence & profanity),-,Special,-,4.86,734 ,Ranked #11256,Popularity #10505,1190,https://myanimelist.net/anime/37742/Chainsaw_Maid_Episode_0,Horror
-,世にも恐ろしいグリム童話,3,Other,R - 17+ (violence & profanity),-,OVA,Group TAC,6.08,186 ,Ranked #8129,Popularity #10517,1155,https://myanimelist.net/anime/4085/Yonimo_Osoroshii_Grimm_Douwa,Horror
The Truth of Japanese Fairy Tales,世にも恐ろしい日本昔話,3,Unknown,R+ - Mild Nudity,-,OVA,-,5.85,126 ,Ranked #9037,Popularity #10549,1142,https://myanimelist.net/anime/9829/Yonimo_Osoroshii_Nihon_Mukashibanashi,Horror
Strange Tales of Modern Mysterious Events,現代畸聞録　怪異物語,1,Unknown,None,-,OVA,Toei Animation,N/A,- ,Ranked #14976,Popularity #10593,1118,https://myanimelist.net/anime/6271/Gendai_Kibunroku_Kaii_Monogatari,Horror
Dream Dimension Gentleman,夢幻紳士　冒険活劇編,1,Manga,PG-13 - Teens 13 or older,-,OVA,Gallop,5.48,366 ,Ranked #10147,Popularity #10637,1100,https://myanimelist.net/anime/8162/Mugen_Shinshi__Bouken_Katsugeki-hen,Horror
Fobia,未来超獣フォビア,2,Unknown,Rx - Hentai,-,OVA,-,4.93,286 ,Ranked N/A,Popularity #10643,1097,https://myanimelist.net/anime/4556/Mirai_Choujuu_Fobia,Horror
-,注文の多い料理店,1,Book,G - All Ages,-,Movie,-,5.49,487 ,Ranked #10131,Popularity #10665,1088,https://myanimelist.net/anime/30967/Chuumon_no_Ooi_Ryouriten_1993,Horror
-,内田春菊の呪いのワンピース,1,Manga,PG-13 - Teens 13 or older,-,Special,"Kyoto Animation,             Shin-Ei Animation",5.90,411 ,Ranked #8833,Popularity #10750,1081,https://myanimelist.net/anime/41340/Uchida_Shungicu_no_Noroi_no_One-Piece,Horror
-,怪物くん,49,Manga,PG - Children,Spring 1968,TV,"Studio Zero,             Tokyo Movie",6.49,325 ,Ranked #6069,Popularity #10762,1045,https://myanimelist.net/anime/3129/Kaibutsu-kun,Horror
-,夢枕 獏 とわいらいと劇場,4,Novel,R+ - Mild Nudity,-,OVA,"Studio Pierrot,             D.A.S.T.",5.69,187 ,Ranked #9567,Popularity #10773,1040,https://myanimelist.net/anime/12769/Yumemakura_Baku_Twilight_Gekijou,Horror
Ling Cage,灵笼:INCARNATION 下半季,6,Original,R - 17+ (violence & profanity),-,ONA,YHKT Entertainment,7.60,342 ,Ranked #1310,Popularity #10781,1058,https://myanimelist.net/anime/42290/Ling_Long__Incarnation_Part_2,Horror
-,学校の怪談,10,Unknown,PG-13 - Teens 13 or older,-,OVA,Studio Pierrot,6.43,174 ,Ranked #6394,Popularity #10883,989,https://myanimelist.net/anime/22053/Gakkou_no_Kaidan_OVA,Horror
-,诡水疑云,12,Web manga,PG-13 - Teens 13 or older,-,ONA,-,5.87,174 ,Ranked #8961,Popularity #10886,991,https://myanimelist.net/anime/33761/Qui_Shui_Yi_Yun,Horror
-,グレゴリーホラーショー - The Bloody Karte,12,Original,PG-13 - Teens 13 or older,-,Special,Milky Cartoon,5.76,420 ,Ranked #9335,Popularity #10908,977,https://myanimelist.net/anime/12485/Gregory_Horror_Show__The_Bloody_Karte,Horror
-,ベールガ,1,Unknown,R - 17+ (violence & profanity),-,Movie,-,4.86,480 ,Ranked #11255,Popularity #10914,982,https://myanimelist.net/anime/28951/Beluga,Horror
Spooky Kitaro: Japan Explodes!!,劇場版 ゲゲゲの鬼太郎 日本爆裂!!,1,Unknown,G - All Ages,-,Movie,Toei Animation,6.44,288 ,Ranked #6367,Popularity #10930,966,https://myanimelist.net/anime/8145/Gegege_no_Kitarou__Nippon_Bakuretsu,Horror
Spooky Kitaro: Giant Sea Monster,ゲゲゲの鬼太郎 大海獣,1,Unknown,G - All Ages,-,Movie,Toei Animation,6.26,280 ,Ranked #7261,Popularity #10967,948,https://myanimelist.net/anime/8146/Gegege_no_Kitarou__Daikaijuu,Horror
-,注文の多い料理店,1,Book,G - All Ages,-,Movie,-,5.64,312 ,Ranked #9711,Popularity #11003,936,https://myanimelist.net/anime/7621/Chuumon_no_Ooi_Ryouriten,Horror
-,exception,Unknown,Original,None,-,ONA,"Tatsunoko Production,             5 Inc.",N/A,- user,Ranked N/A,Popularity #11065,988,https://myanimelist.net/anime/49163/Exception,Horror
-,トイレの花子さん,1,Other,PG-13 - Teens 13 or older,-,Movie,Studio Pierrot,6.25,133 ,Ranked #7317,Popularity #11081,910,https://myanimelist.net/anime/8539/Toilet_no_Hanako-san,Horror
-,ハイスクールミステリー 学園七不思議,41,Unknown,R - 17+ (violence & profanity),Spring 1991,TV,-,N/A,- ,Ranked #15285,Popularity #11093,906,https://myanimelist.net/anime/9882/High_School_Mystery__Gakuen_Nanafushigi,Horror
-,悪魔くん,42,Manga,G - All Ages,Spring 1989,TV,Toei Animation,6.08,146 ,Ranked #8131,Popularity #11126,895,https://myanimelist.net/anime/8194/Akuma-kun,Horror
-,学校の幽霊,6,Unknown,PG-13 - Teens 13 or older,-,OVA,"Toei Animation,             Aubec",5.98,108 ,Ranked #8580,Popularity #11140,890,https://myanimelist.net/anime/20353/Gakkou_no_Yuurei,Horror
-,怪物くん (1980),94,Unknown,G - All Ages,Fall 1980,TV,Shin-Ei Animation,6.47,372 ,Ranked #6181,Popularity #11167,879,https://myanimelist.net/anime/3130/Kaibutsu-kun_1980,Horror
-,地獄堂霊界通信,1,Novel,PG-13 - Teens 13 or older,-,OVA,-,6.16,327 ,Ranked #7776,Popularity #11175,876,https://myanimelist.net/anime/9824/Jigokudou_Reikai_Tsuushin,Horror
-,【ゾンミちゃん】ハロウィン☆スペシャルムービー！,1,Original,PG-13 - Teens 13 or older,-,ONA,Neft Film,4.49,413 ,Ranked #11476,Popularity #11278,849,https://myanimelist.net/anime/33042/Zonmi-chan__Halloween☆Special_Movie,Horror
-,ギフト±,20,Manga,PG-13 - Teens 13 or older,-,ONA,-,N/A,- ,Ranked #15004,Popularity #11279,850,https://myanimelist.net/anime/38348/Gift±,Horror
Spooky Kitaro,ゲゲゲの鬼太郎,1,Unknown,G - All Ages,-,Movie,Toei Animation,6.11,190 ,Ranked #7971,Popularity #11333,825,https://myanimelist.net/anime/8152/Gegege_no_Kitarou_1985_Movie,Horror
-,ゲゲゲの鬼太郎　地獄編,7,Unknown,G - All Ages,Winter 1988,TV,Toei Animation,6.32,161 ,Ranked #6962,Popularity #11430,796,https://myanimelist.net/anime/8158/Gegege_no_Kitarou__Jigoku-hen,Horror
-,TIMING,1,Unknown,R - 17+ (violence & profanity),-,ONA,-,5.35,175 ,Ranked #10510,Popularity #11434,797,https://myanimelist.net/anime/9662/Timing,Horror
-,学校のｺﾜｲうわさ 新・花子さんがきた!!,33,Unknown,None,Summer 2010,TV,-,N/A,- ,Ranked #14926,Popularity #11438,794,https://myanimelist.net/anime/9345/Gakkou_no_Kowai_Uwasa_Shin__Hanako-san_ga_Kita,Horror
-,ゲゲゲの鬼太郎 妖怪特急！まぼろしの汽車,1,Unknown,G - All Ages,-,Movie,Toei Animation,6.03,194 ,Ranked #8356,Popularity #11547,760,https://myanimelist.net/anime/8157/Gegege_no_Kitarou__Youkai_Tokkyuu_Maboroshi_no_Kisha,Horror
-,変幻退魔夜行 カルラ舞う！ 仙台小芥子怨歌,6,Manga,R - 17+ (violence & profanity),-,OVA,-,6.24,118 ,Ranked #7370,Popularity #11560,757,https://myanimelist.net/anime/2073/Hengen_Taima_Yakou_Karura_Mau_Sendai_Kokeshi_Enka,Horror
Spooky Kitaro: The All Seeing Eye,ゲゲゲの鬼太郎 地相眼,1,Unknown,G - All Ages,-,Movie,Toei Animation,5.91,226 ,Ranked #8806,Popularity #11564,754,https://myanimelist.net/anime/8150/Gegege_no_Kitarou__Chisougan,Horror
-,彼岸島X,12,Manga,R - 17+ (violence & profanity),-,ONA,-,N/A,- ,Ranked #15278,Popularity #11581,756,https://myanimelist.net/anime/34222/Higanjima_X,Horror
The Hell (Two Kinds of Life),지옥 두개 의 삶,1,Unknown,R+ - Mild Nudity,-,Movie,-,6.02,113 ,Ranked #8411,Popularity #11587,758,https://myanimelist.net/anime/33144/Jiok,Horror
Alice in Voodooland,Alice in Voodooland,1,Other,R - 17+ (violence & profanity),-,Music,-,5.62,384 ,Ranked #9764,Popularity #11681,729,https://myanimelist.net/anime/38906/Alice_in_Voodooland,Horror
The Undertaker and the Dog,葬儀屋と犬,1,Unknown,G - All Ages,-,Movie,-,5.04,324 ,Ranked #11080,Popularity #11700,726,https://myanimelist.net/anime/28953/Sougiya_to_Inu,Horror
-,ギルスティン,1,Unknown,R - 17+ (violence & profanity),-,Movie,-,N/A,- ,Ranked #15082,Popularity #11757,698,https://myanimelist.net/anime/11995/Guilstein,Horror
Spooky Kitarou: Ghost War Struggle,ゲゲゲの鬼太郎 妖怪大戦争,1,Unknown,G - All Ages,-,Movie,Toei Animation,6.15,146 ,Ranked #7806,Popularity #11817,681,https://myanimelist.net/anime/8153/Gegege_no_Kitarou__Youkai_Daisensou,Horror
Spooky Kitarou: The Strongest Ghost Army! Landing in Japan!!,ゲゲゲの鬼太郎 最強妖怪軍団！日本陸!!,1,Unknown,G - All Ages,-,Movie,Toei Animation,6.25,128 ,Ranked #7289,Popularity #11901,661,https://myanimelist.net/anime/8154/Gegege_no_Kitarou__Saikyou_Youkai_Gundan_Nippon_Jouriku,Horror
Ling Cage,灵笼:INCARNATION 中章,1,Original,R - 17+ (violence & profanity),-,ONA,YHKT Entertainment,7.38,254 ,Ranked #2041,Popularity #11912,674,https://myanimelist.net/anime/42985/Ling_Long__Incarnation_Middle_Chapter,Horror
-,悪魔くん,1,Unknown,G - All Ages,-,Movie,Toei Animation,5.87,190 ,Ranked #8935,Popularity #11989,639,https://myanimelist.net/anime/8226/Akuma-kun_Movie,Horror
Squid Festival,納涼アニメ 電球烏賊祭,1,Original,PG-13 - Teens 13 or older,-,Movie,-,4.60,327 ,Ranked #11435,Popularity #11995,648,https://myanimelist.net/anime/30659/Nouryou_Anime__Denkyuu_Ika_Matsuri,Horror
Spooky Kitaro: Crash!! The Great Rebellion of the Multi-Dimensional Yōkai,ゲゲゲの鬼太郎 激突!!異次元妖怪の大反乱,1,Unknown,G - All Ages,-,Movie,Toei Animation,6.18,122 ,Ranked #7666,Popularity #12015,631,https://myanimelist.net/anime/8155/Gegege_no_Kitarou__Gekitotsu_Ijigen_Youkai_no_Daihanran,Horror
Cat Eyed Boy,妖怪伝 猫目小僧,25,Manga,G - All Ages,Spring 1976,TV,-,N/A,- ,Ranked #13830,Popularity #12090,619,https://myanimelist.net/anime/23351/Youkaiden_Nekome_Kozou,Horror
Chainsaw Bunny Deleted Scene,CHAINSAW BUNNY Deleted Scene,1,Original,R - 17+ (violence & profanity),-,ONA,-,4.69,283 ,Ranked #11371,Popularity #12212,599,https://myanimelist.net/anime/37256/Chainsaw_Bunny__Deleted_Scene,Horror
-,テレビ,1,Unknown,PG - Children,-,ONA,-,5.42,302 ,Ranked #10319,Popularity #12211,586,https://myanimelist.net/anime/8682/Television,Horror
-,日野日出志 東海道 四谷怪談,1,Unknown,None,-,OVA,-,N/A,- ,Ranked #15317,Popularity #12215,585,https://myanimelist.net/anime/17405/Hino_Hideshi_Toukaidou_Yotsuya_Kaidan,Horror
-,稲川淳二のすご～く恐い話,10,Book,PG - Children,-,ONA,-,N/A,- ,Ranked #15499,Popularity #12283,581,https://myanimelist.net/anime/36152/Inagawa_Junji_no_Sugoku_Kowai_Hanashi,Horror
-,恐怖新聞,2,Manga,PG-13 - Teens 13 or older,-,OVA,Studio Pierrot,N/A,- ,Ranked #16169,Popularity #12318,565,https://myanimelist.net/anime/17615/Kyoufu_Shinbun,Horror
-,エコエコアザラク,1,Unknown,None,-,OVA,Toei Animation,N/A,- ,Ranked #14789,Popularity #12409,544,https://myanimelist.net/anime/6267/Eko_Eko_Azarak,Horror
-,悪魔くん ようこそ悪魔ランドへ!!,1,Unknown,G - All Ages,-,Movie,Toei Animation,5.81,158 ,Ranked #9117,Popularity #12460,533,https://myanimelist.net/anime/8227/Akuma-kun__Youkoso_Akuma_Land_e,Horror
Adventure Boy Shadar,冒険少年シャダー,156,Unknown,PG-13 - Teens 13 or older,Fall 1967,TV,-,N/A,- ,Ranked #14352,Popularity #12558,515,https://myanimelist.net/anime/8182/Bouken_Shounen_Shadar,Horror
-,悪魔くん,Unknown,Manga,None,-,Unknown,-,N/A,- user,Ranked N/A,Popularity #12586,524,https://myanimelist.net/anime/48425/Akuma-kun_Shin_Anime,Horror
The Story of Mr. Sorry,제불찰씨 이야기,1,Unknown,PG-13 - Teens 13 or older,-,Movie,-,5.83,142 ,Ranked #9075,Popularity #12623,500,https://myanimelist.net/anime/8081/Je_Bul_Chal-ssi_Iyagi,Horror
-,MAKE MY DAY,Unknown,Original,None,-,ONA,5 Inc.,N/A,- user,Ranked N/A,Popularity #12648,538,https://myanimelist.net/anime/49164/Make_My_Day,Horror
-,カタリベ　人工知能がつぶやく呪いの予言,1,Manga,PG-13 - Teens 13 or older,-,ONA,-,4.72,190 ,Ranked #11354,Popularity #12686,497,https://myanimelist.net/anime/37243/Kataribe_Jinkou_Chinou_ga_Tsubuyaku_Noroi_no_Yogen,Horror
-,灵笼:INCARNATION 终章,2,Original,R - 17+ (violence & profanity),-,ONA,YHKT Entertainment,7.20,175 ,Ranked #2858,Popularity #12687,490,https://myanimelist.net/anime/44090/Ling_Long__Incarnation_Final_Chapter,Horror
-,俺たちゃ妖怪人間G,26,Original,PG-13 - Teens 13 or older,Spring 2018,TV,DLE,N/A,- ,Ranked #12113,Popularity #12794,471,https://myanimelist.net/anime/37559/Oretacha_Youkai_Ningen_G,Horror
-,藤子不二雄Aの夢魔子,1,Unknown,PG-13 - Teens 13 or older,-,Special,Shin-Ei Animation,5.67,124 ,Ranked #9599,Popularity #13061,421,https://myanimelist.net/anime/19533/Fujiko_Fujio_A_no_Mumako,Horror
Fire Emblem Heroes - BooKE III Movie：Cohort of the Dead,ファイアーエムブレム ヒーローズ - ブックスリームービ: コホート-オブ-ザ-デッド,1,Game,PG-13 - Teens 13 or older,-,Special,-,6.38,156 ,Ranked #6658,Popularity #13184,413,https://myanimelist.net/anime/43565/Fire_Emblem_Heroes_Book_III_Movie：Cohort_of_the_Dead,Horror
Freaky Highschool,ふりぃきぃ～はいすく～る,69,Original,PG - Children,Summer 2016,TV,-,N/A,- ,Ranked #14858,Popularity #13185,405,https://myanimelist.net/anime/35319/Freaky_Highschool,Horror
Runnin' Away Gelée,逃猫ジュレ,1,Original,PG-13 - Teens 13 or older,-,ONA,DLE,5.43,147 ,Ranked #10304,Popularity #13271,400,https://myanimelist.net/anime/33914/Nineko_Gelée,Horror
-,アニメ版 東海道・四谷怪談,1,Other,PG-13 - Teens 13 or older,-,Special,-,N/A,- ,Ranked #14122,Popularity #13285,391,https://myanimelist.net/anime/34236/Anime-ban_Toukaidou_Yotsuya_Kaidan,Horror
-,灵笼:INCARNATION 特别篇,1,Original,R - 17+ (violence & profanity),-,ONA,-,7.18,131 ,Ranked #2936,Popularity #13315,385,https://myanimelist.net/anime/48890/Ling_Long__Incarnation_Special,Horror
-,モンキーピーク,20,Manga,None,-,ONA,Tomovies,N/A,- ,Ranked #11647,Popularity #13365,379,https://myanimelist.net/anime/38579/Monkey_Peak,Horror
-,朱鷺色怪魔,4,Unknown,None,-,OVA,-,N/A,- ,Ranked #13296,Popularity #13453,367,https://myanimelist.net/anime/19513/Toki-iro_Kaima,Horror
Meccano,MECHANO SCIENTIFIC ATTACK FORCE,3,Unknown,None,-,OVA,-,N/A,- ,Ranked #16414,Popularity #13539,361,https://myanimelist.net/anime/24259/Mechano__Scientific_Attack_Force,Horror
The Crimson Whale,화산고래,1,Original,R - 17+ (violence & profanity),-,Movie,-,N/A,- ,Ranked #15439,Popularity #13570,355,https://myanimelist.net/anime/34674/Hwasan_Golae,Horror
-,The Girl and the Monster,Unknown,Original,PG - Children,-,ONA,-,5.20,111 ,Ranked #10814,Popularity #13597,349,https://myanimelist.net/anime/41851/The_Girl_and_the_Monster,Horror
-,真 学校の幽霊,1,Original,PG-13 - Teens 13 or older,-,OVA,-,N/A,- ,Ranked #12700,Popularity #13695,343,https://myanimelist.net/anime/35121/Shin_Gakkou_no_Yuurei,Horror
-,バーニング・ビレッジ,10,Unknown,None,-,OVA,-,N/A,- ,Ranked #14377,Popularity #13801,330,https://myanimelist.net/anime/10245/Burning_Village,Horror
-,怪物くん デーモンの剣,1,Unknown,G - All Ages,-,Movie,Shin-Ei Animation,N/A,- ,Ranked #15690,Popularity #13844,333,https://myanimelist.net/anime/22975/Kaibutsu-kun__Demon_no_Ken,Horror
-,쁘띠쁘띠 뮤즈,26,Original,G - All Ages,Winter 2008,TV,-,N/A,- ,Ranked #12256,Popularity #13860,327,https://myanimelist.net/anime/32660/Petit_Petit_Muse,Horror
-,ゾンビクレイアニメ「LIFE OF THE DEAD」,4,Original,R - 17+ (violence & profanity),-,OVA,Studio Binzo,N/A,- ,Ranked #13987,Popularity #13963,316,https://myanimelist.net/anime/30089/Zombie_Clay_Animation__Life_of_the_Dead,Horror
-,平成松江怪談～怪し～,2,Original,G - All Ages,-,ONA,DLE,N/A,- ,Ranked #15221,Popularity #14096,304,https://myanimelist.net/anime/35140/Heisei_Matsue_Kaidan__Ayashi,Horror
-,３分で分かる小泉八雲の怪談,7,Book,G - All Ages,-,ONA,-,N/A,- ,Ranked #14020,Popularity #14136,300,https://myanimelist.net/anime/37666/3-bu_de_Wakaru_Koizumi_Yakumo_no_Kaidan,Horror
-,妖怪人間ベム パートII,2,Original,PG-13 - Teens 13 or older,-,Special,Topcraft,N/A,- ,Ranked #13827,Popularity #14157,301,https://myanimelist.net/anime/38368/Youkai_Ningen_Bem__Part_II,Horror
-,闇夜の時代劇,2,Unknown,G - All Ages,-,Special,Sunrise,N/A,- ,Ranked #13762,Popularity #14182,299,https://myanimelist.net/anime/23765/Yamiyo_no_Jidaigeki,Horror
-,きもしば,13,Original,G - All Ages,Fall 2016,TV,"TMS Entertainment,             Jinnis Animation Studios",N/A,- ,Ranked #15926,Popularity #14226,298,https://myanimelist.net/anime/34233/Kimoshiba,Horror
-,彼岸島Ｘ「兄貴」,1,Manga,R - 17+ (violence & profanity),-,Special,-,N/A,- ,Ranked #15279,Popularity #14330,289,https://myanimelist.net/anime/35266/Higanjima_X__Aniki,Horror
-,えほん寄席,50,Other,PG - Children,-,TV,-,N/A,- ,Ranked #14774,Popularity #14348,287,https://myanimelist.net/anime/28087/Ehon_Yose,Horror
-,怪物くん 怪物ランドへの招待,1,Unknown,G - All Ages,-,Movie,Shin-Ei Animation,N/A,- ,Ranked #15691,Popularity #14380,286,https://myanimelist.net/anime/22977/Kaibutsu-kun__Kaibutsu_Land_e_no_Shoutai,Horror
I'm Stuck!!: Life of the Dead,ゾンビクレイアニメ「I'm stuck!!」,4,Original,R - 17+ (violence & profanity),-,ONA,Studio Binzo,N/A,- ,Ranked #13986,Popularity #14539,272,https://myanimelist.net/anime/32557/Zombie_Clay_Animation__Im_Stuck,Horror
-,心霊恐怖レポート うしろの百太郎,2,Unknown,PG-13 - Teens 13 or older,-,OVA,-,N/A,- ,Ranked #13507,Popularity #14573,266,https://myanimelist.net/anime/12833/Ushiro_no_Hyakutarou,Horror
Howling Village x Eagle Talon,犬鳴村 x 鷹の爪団,1,Other,PG-13 - Teens 13 or older,-,ONA,-,N/A,- ,Ranked #15513,Popularity #14862,248,https://myanimelist.net/anime/41096/Inunaki-mura_x_Taka_no_Tsume-dan,Horror
Sho is Flying in the Sky,翔ちゃん空をとぶ,1,Novel,PG-13 - Teens 13 or older,-,Movie,-,N/A,- ,Ranked #12779,Popularity #14847,250,https://myanimelist.net/anime/30960/Shou-chan_Sora_wo_Tobu,Horror
-,闇夜の時代劇,2,Unknown,G - All Ages,-,OVA,Sunrise,N/A,- ,Ranked #13763,Popularity #14853,248,https://myanimelist.net/anime/23767/Yamiyo_no_Jidaigeki_OVA,Horror
-,松江観光大使3人が行く！松江ゴーストツアー,2,Original,G - All Ages,-,ONA,DLE,N/A,- ,Ranked #16390,Popularity #14997,240,https://myanimelist.net/anime/35141/Matsue_Kankou_Taishi_Sanri_ga_Iku_Matsue_Ghost_Tour,Horror
Tales from the Snow Country,越後の昔ばなし あったてんがのぉ,1,Unknown,G - All Ages,-,OVA,-,N/A,- ,Ranked #14766,Popularity #15048,237,https://myanimelist.net/anime/28117/Echigo_no_Mukashibanashi__Attaten_Ganoo,Horror
-,ハチミツスーサイドマシーン,1,Original,PG-13 - Teens 13 or older,-,ONA,Usagi Ou,N/A,- ,Ranked #15098,Popularity #15058,247,https://myanimelist.net/anime/48576/Hachimitsu_Suicide_Machine,Horror
-,なんじゃもんじゃおばけ,1,Unknown,PG - Children,-,Special,-,N/A,- ,Ranked #11787,Popularity #15087,235,https://myanimelist.net/anime/29495/Nanja_Monja_Obake,Horror
Devil's Organ,悪魔のオルガン,1,Music,G - All Ages,-,Music,-,5.23,122 ,Ranked #10738,Popularity #15112,234,https://myanimelist.net/anime/37729/Akuma_no_Organ,Horror
-,地獄甲子園,1,Unknown,R - 17+ (violence & profanity),-,OVA,-,N/A,- ,Ranked #15583,Popularity #15155,229,https://myanimelist.net/anime/28489/Jigoku_Koushien,Horror
-,平成松江怪談,7,Original,G - All Ages,-,ONA,DLE,N/A,- ,Ranked #15220,Popularity #15249,222,https://myanimelist.net/anime/37667/Heisei_Matsue_Kaidan,Horror
Despair of the Monster,絶望の怪物,1,Original,R - 17+ (violence & profanity),-,Movie,-,N/A,- ,Ranked #13918,Popularity #15267,231,https://myanimelist.net/anime/42906/Zetsubou_no_Kaibutsu,Horror
My Little Goat,マイリトルゴート,1,Original,PG-13 - Teens 13 or older,-,Movie,-,6.56,122 ,Ranked #5682,Popularity #15511,215,https://myanimelist.net/anime/42899/My_Little_Goat,Horror
-,怪物くん 「砂魔人をやっつけろの巻／怪物くんとハニワ怪神の巻」,1,Manga,PG - Children,-,Movie,"Studio Zero,             Tokyo Movie",N/A,- ,Ranked #15692,Popularity #15757,193,https://myanimelist.net/anime/33234/Kaibutsu-kun__Suna_Majin_wo_Yattsukero_no_Maki___Kaibutsu-kun_to_Haniwa_Kaishin_no_Maki,Horror
-,グレゴリーホラーショー,3,Original,PG-13 - Teens 13 or older,-,Special,Milky Cartoon,N/A,- ,Ranked #13230,Popularity #15815,192,https://myanimelist.net/anime/44588/The_Gregory_Gallery_Tour_Special,Horror
-,狭狂しい家,1,Original,PG - Children,-,ONA,-,N/A,- ,Ranked #12604,Popularity #15891,186,https://myanimelist.net/anime/42047/Sema_Kuruoshii_Ie,Horror
-,怖すぎます。,1,Original,G - All Ages,-,ONA,-,N/A,- ,Ranked #16086,Popularity #16073,179,https://myanimelist.net/anime/42014/Kowasugimasu,Horror
-,きもしば２,13,Original,G - All Ages,Spring 2017,TV,Jinnis Animation Studios,N/A,- ,Ranked #15927,Popularity #16289,163,https://myanimelist.net/anime/36003/Kimoshiba_2,Horror
-,Witch Hat -魔女と帽子のワルツ-,1,Music,PG-13 - Teens 13 or older,-,Music,-,N/A,- ,Ranked #13615,Popularity #16355,159,https://myanimelist.net/anime/40378/Witch_Hat__Majo_to_Boushi_no_Waltz,Horror
-,幽霊屋敷,1,Original,G - All Ages,-,Special,-,N/A,- ,Ranked #13896,Popularity #16594,147,https://myanimelist.net/anime/35496/Yuurei_Yashiki,Horror
-,日本のおばけ話,4,Other,G - All Ages,-,OVA,-,N/A,- ,Ranked #11877,Popularity #16655,144,https://myanimelist.net/anime/35060/Nihon_no_Obake-banashi,Horror
Kaibutsu-kun,怪物くん,6,Original,G - All Ages,-,Special,-,N/A,- ,Ranked #15689,Popularity #16972,132,https://myanimelist.net/anime/41504/Kaibutsu-kun_1980_Specials,Horror
-,景山民夫のダブルファンタジー,1,Original,PG-13 - Teens 13 or older,-,Special,Shin-Ei Animation,N/A,- ,Ranked #15681,Popularity #17322,112,https://myanimelist.net/anime/41325/Kageyama_Tamio_no_Double_Fantasy,Horror
Beauty Water,기기괴괴-성형수,1,Web manga,R - 17+ (violence & profanity),-,Movie,Studio Animal,N/A,- ,Ranked #15008,Popularity #17349,112,https://myanimelist.net/anime/42737/Gigigoegoe_Sunghyungsoo,Horror
-,Hunter,1,Original,R+ - Mild Nudity,-,Movie,-,N/A,- ,Ranked #15416,Popularity #17832,68,https://myanimelist.net/anime/48960/Hunter,Horror
I Think You're a Little Confused,I Think You're a Little Confused,1,Unknown,G - All Ages,-,Movie,-,N/A,- ,Ranked #15449,Popularity #17946,55,https://myanimelist.net/anime/44776/I_Think_Youre_a_Little_Confused,Horror
